Exp,Site,Hole,program,vessel
1,1,*,DSDP,Glomar Challenger
1,2,*,DSDP,Glomar Challenger
1,3,*,DSDP,Glomar Challenger
1,4,*,DSDP,Glomar Challenger
1,4,A,DSDP,Glomar Challenger
1,5,*,DSDP,Glomar Challenger
1,5,A,DSDP,Glomar Challenger
1,6,*,DSDP,Glomar Challenger
1,6,A,DSDP,Glomar Challenger
1,7,*,DSDP,Glomar Challenger
1,7,A,DSDP,Glomar Challenger
2,8,*,DSDP,Glomar Challenger
2,8,A,DSDP,Glomar Challenger
2,9,*,DSDP,Glomar Challenger
2,9,A,DSDP,Glomar Challenger
2,10,*,DSDP,Glomar Challenger
2,11,*,DSDP,Glomar Challenger
2,11,A,DSDP,Glomar Challenger
2,12,B,DSDP,Glomar Challenger
2,12,C,DSDP,Glomar Challenger
2,12,D,DSDP,Glomar Challenger
3,13,*,DSDP,Glomar Challenger
3,13,A,DSDP,Glomar Challenger
3,14,*,DSDP,Glomar Challenger
3,15,*,DSDP,Glomar Challenger
3,16,*,DSDP,Glomar Challenger
3,17,*,DSDP,Glomar Challenger
3,17,A,DSDP,Glomar Challenger
3,17,B,DSDP,Glomar Challenger
3,18,*,DSDP,Glomar Challenger
3,19,*,DSDP,Glomar Challenger
3,20,*,DSDP,Glomar Challenger
3,20,A,DSDP,Glomar Challenger
3,20,B,DSDP,Glomar Challenger
3,20,C,DSDP,Glomar Challenger
3,21,*,DSDP,Glomar Challenger
3,21,A,DSDP,Glomar Challenger
3,22,*,DSDP,Glomar Challenger
4,23,*,DSDP,Glomar Challenger
4,24,*,DSDP,Glomar Challenger
4,24,A,DSDP,Glomar Challenger
4,25,*,DSDP,Glomar Challenger
4,25,A,DSDP,Glomar Challenger
4,26,*,DSDP,Glomar Challenger
4,26,A,DSDP,Glomar Challenger
4,27,*,DSDP,Glomar Challenger
4,27,A,DSDP,Glomar Challenger
4,28,*,DSDP,Glomar Challenger
4,29,*,DSDP,Glomar Challenger
4,29,A,DSDP,Glomar Challenger
4,29,B,DSDP,Glomar Challenger
4,29,C,DSDP,Glomar Challenger
4,30,*,DSDP,Glomar Challenger
4,31,*,DSDP,Glomar Challenger
5,32,*,DSDP,Glomar Challenger
5,33,*,DSDP,Glomar Challenger
5,34,*,DSDP,Glomar Challenger
5,35,*,DSDP,Glomar Challenger
5,36,*,DSDP,Glomar Challenger
5,37,*,DSDP,Glomar Challenger
5,38,*,DSDP,Glomar Challenger
5,39,*,DSDP,Glomar Challenger
5,40,*,DSDP,Glomar Challenger
5,41,*,DSDP,Glomar Challenger
5,42,*,DSDP,Glomar Challenger
5,42,A,DSDP,Glomar Challenger
5,43,*,DSDP,Glomar Challenger
6,44,*,DSDP,Glomar Challenger
6,45,A,DSDP,Glomar Challenger
6,46,*,DSDP,Glomar Challenger
6,47,*,DSDP,Glomar Challenger
6,47,A,DSDP,Glomar Challenger
6,47,B,DSDP,Glomar Challenger
6,48,A,DSDP,Glomar Challenger
6,48,B,DSDP,Glomar Challenger
6,49,*,DSDP,Glomar Challenger
6,49,A,DSDP,Glomar Challenger
6,50,*,DSDP,Glomar Challenger
6,50,A,DSDP,Glomar Challenger
6,51,*,DSDP,Glomar Challenger
6,51,A,DSDP,Glomar Challenger
6,52,*,DSDP,Glomar Challenger
6,53,*,DSDP,Glomar Challenger
6,53,A,DSDP,Glomar Challenger
6,53,B,DSDP,Glomar Challenger
6,54,*,DSDP,Glomar Challenger
6,55,*,DSDP,Glomar Challenger
6,56,B,DSDP,Glomar Challenger
6,57,*,DSDP,Glomar Challenger
6,57,A,DSDP,Glomar Challenger
6,57,B,DSDP,Glomar Challenger
6,58,*,DSDP,Glomar Challenger
6,58,A,DSDP,Glomar Challenger
6,58,B,DSDP,Glomar Challenger
6,59,*,DSDP,Glomar Challenger
6,59,A,DSDP,Glomar Challenger
6,59,B,DSDP,Glomar Challenger
6,60,*,DSDP,Glomar Challenger
7,61,*,DSDP,Glomar Challenger
7,61,A,DSDP,Glomar Challenger
7,62,*,DSDP,Glomar Challenger
7,62,A,DSDP,Glomar Challenger
7,63,*,DSDP,Glomar Challenger
7,63,A,DSDP,Glomar Challenger
7,63,B,DSDP,Glomar Challenger
7,64,*,DSDP,Glomar Challenger
7,64,A,DSDP,Glomar Challenger
7,65,*,DSDP,Glomar Challenger
7,65,A,DSDP,Glomar Challenger
7,66,*,DSDP,Glomar Challenger
7,66,A,DSDP,Glomar Challenger
7,67,*,DSDP,Glomar Challenger
7,67,A,DSDP,Glomar Challenger
8,68,*,DSDP,Glomar Challenger
8,68,A,DSDP,Glomar Challenger
8,69,*,DSDP,Glomar Challenger
8,69,A,DSDP,Glomar Challenger
8,70,*,DSDP,Glomar Challenger
8,70,A,DSDP,Glomar Challenger
8,70,B,DSDP,Glomar Challenger
8,71,*,DSDP,Glomar Challenger
8,71,A,DSDP,Glomar Challenger
8,72,*,DSDP,Glomar Challenger
8,72,A,DSDP,Glomar Challenger
8,73,*,DSDP,Glomar Challenger
8,74,*,DSDP,Glomar Challenger
8,75,*,DSDP,Glomar Challenger
8,75,A,DSDP,Glomar Challenger
9,76,*,DSDP,Glomar Challenger
9,76,A,DSDP,Glomar Challenger
9,77,*,DSDP,Glomar Challenger
9,77,A,DSDP,Glomar Challenger
9,77,B,DSDP,Glomar Challenger
9,77,C,DSDP,Glomar Challenger
9,78,*,DSDP,Glomar Challenger
9,79,*,DSDP,Glomar Challenger
9,79,A,DSDP,Glomar Challenger
9,80,*,DSDP,Glomar Challenger
9,80,A,DSDP,Glomar Challenger
9,81,*,DSDP,Glomar Challenger
9,82,*,DSDP,Glomar Challenger
9,82,A,DSDP,Glomar Challenger
9,83,*,DSDP,Glomar Challenger
9,83,A,DSDP,Glomar Challenger
9,84,*,DSDP,Glomar Challenger
10,85,*,DSDP,Glomar Challenger
10,85,A,DSDP,Glomar Challenger
10,86,*,DSDP,Glomar Challenger
10,87,*,DSDP,Glomar Challenger
10,88,*,DSDP,Glomar Challenger
10,89,*,DSDP,Glomar Challenger
10,90,*,DSDP,Glomar Challenger
10,91,*,DSDP,Glomar Challenger
10,92,*,DSDP,Glomar Challenger
10,93,*,DSDP,Glomar Challenger
10,94,*,DSDP,Glomar Challenger
10,95,*,DSDP,Glomar Challenger
10,96,*,DSDP,Glomar Challenger
10,97,*,DSDP,Glomar Challenger
11,98,*,DSDP,Glomar Challenger
11,99,A,DSDP,Glomar Challenger
11,100,*,DSDP,Glomar Challenger
11,101,*,DSDP,Glomar Challenger
11,101,A,DSDP,Glomar Challenger
11,102,*,DSDP,Glomar Challenger
11,103,*,DSDP,Glomar Challenger
11,104,*,DSDP,Glomar Challenger
11,105,*,DSDP,Glomar Challenger
11,106,*,DSDP,Glomar Challenger
11,106,B,DSDP,Glomar Challenger
11,107,*,DSDP,Glomar Challenger
11,108,*,DSDP,Glomar Challenger
12,111,*,DSDP,Glomar Challenger
12,111,A,DSDP,Glomar Challenger
12,112,*,DSDP,Glomar Challenger
12,112,A,DSDP,Glomar Challenger
12,113,*,DSDP,Glomar Challenger
12,114,*,DSDP,Glomar Challenger
12,115,*,DSDP,Glomar Challenger
12,116,*,DSDP,Glomar Challenger
12,116,A,DSDP,Glomar Challenger
12,117,*,DSDP,Glomar Challenger
12,117,A,DSDP,Glomar Challenger
12,118,*,DSDP,Glomar Challenger
12,119,*,DSDP,Glomar Challenger
13,120,*,DSDP,Glomar Challenger
13,121,*,DSDP,Glomar Challenger
13,122,*,DSDP,Glomar Challenger
13,123,*,DSDP,Glomar Challenger
13,124,*,DSDP,Glomar Challenger
13,125,*,DSDP,Glomar Challenger
13,125,A,DSDP,Glomar Challenger
13,126,*,DSDP,Glomar Challenger
13,126,A,DSDP,Glomar Challenger
13,127,*,DSDP,Glomar Challenger
13,127,A,DSDP,Glomar Challenger
13,127,B,DSDP,Glomar Challenger
13,128,*,DSDP,Glomar Challenger
13,129,*,DSDP,Glomar Challenger
13,129,A,DSDP,Glomar Challenger
13,129,B,DSDP,Glomar Challenger
13,130,*,DSDP,Glomar Challenger
13,130,A,DSDP,Glomar Challenger
13,131,*,DSDP,Glomar Challenger
13,131,A,DSDP,Glomar Challenger
13,132,*,DSDP,Glomar Challenger
13,133,*,DSDP,Glomar Challenger
13,134,*,DSDP,Glomar Challenger
13,134,A,DSDP,Glomar Challenger
13,134,B,DSDP,Glomar Challenger
13,134,C,DSDP,Glomar Challenger
13,134,D,DSDP,Glomar Challenger
13,134,E,DSDP,Glomar Challenger
14,135,*,DSDP,Glomar Challenger
14,136,*,DSDP,Glomar Challenger
14,137,*,DSDP,Glomar Challenger
14,138,*,DSDP,Glomar Challenger
14,139,*,DSDP,Glomar Challenger
14,140,*,DSDP,Glomar Challenger
14,140,A,DSDP,Glomar Challenger
14,141,*,DSDP,Glomar Challenger
14,142,*,DSDP,Glomar Challenger
14,143,*,DSDP,Glomar Challenger
14,143,A,DSDP,Glomar Challenger
14,144,*,DSDP,Glomar Challenger
14,144,A,DSDP,Glomar Challenger
14,144,B,DSDP,Glomar Challenger
15,146,*,DSDP,Glomar Challenger
15,146,A,DSDP,Glomar Challenger
15,147,*,DSDP,Glomar Challenger
15,147,A,DSDP,Glomar Challenger
15,147,B,DSDP,Glomar Challenger
15,147,C,DSDP,Glomar Challenger
15,148,*,DSDP,Glomar Challenger
15,149,*,DSDP,Glomar Challenger
15,150,*,DSDP,Glomar Challenger
15,150,A,DSDP,Glomar Challenger
15,151,*,DSDP,Glomar Challenger
15,152,*,DSDP,Glomar Challenger
15,153,*,DSDP,Glomar Challenger
15,154,*,DSDP,Glomar Challenger
15,154,A,DSDP,Glomar Challenger
16,155,*,DSDP,Glomar Challenger
16,156,*,DSDP,Glomar Challenger
16,157,*,DSDP,Glomar Challenger
16,157,A,DSDP,Glomar Challenger
16,158,*,DSDP,Glomar Challenger
16,159,*,DSDP,Glomar Challenger
16,160,*,DSDP,Glomar Challenger
16,161,*,DSDP,Glomar Challenger
16,161,A,DSDP,Glomar Challenger
16,162,*,DSDP,Glomar Challenger
16,163,*,DSDP,Glomar Challenger
16,163,A,DSDP,Glomar Challenger
17,164,*,DSDP,Glomar Challenger
17,165,*,DSDP,Glomar Challenger
17,165,A,DSDP,Glomar Challenger
17,166,*,DSDP,Glomar Challenger
17,166,A,DSDP,Glomar Challenger
17,167,*,DSDP,Glomar Challenger
17,168,*,DSDP,Glomar Challenger
17,169,*,DSDP,Glomar Challenger
17,170,*,DSDP,Glomar Challenger
17,171,*,DSDP,Glomar Challenger
18,172,*,DSDP,Glomar Challenger
18,172,A,DSDP,Glomar Challenger
18,173,*,DSDP,Glomar Challenger
18,174,*,DSDP,Glomar Challenger
18,174,A,DSDP,Glomar Challenger
18,175,*,DSDP,Glomar Challenger
18,176,*,DSDP,Glomar Challenger
18,177,*,DSDP,Glomar Challenger
18,177,A,DSDP,Glomar Challenger
18,178,*,DSDP,Glomar Challenger
18,179,*,DSDP,Glomar Challenger
18,180,*,DSDP,Glomar Challenger
18,181,*,DSDP,Glomar Challenger
18,182,*,DSDP,Glomar Challenger
18,182,A,DSDP,Glomar Challenger
19,183,*,DSDP,Glomar Challenger
19,184,*,DSDP,Glomar Challenger
19,184,B,DSDP,Glomar Challenger
19,185,*,DSDP,Glomar Challenger
19,186,*,DSDP,Glomar Challenger
19,187,*,DSDP,Glomar Challenger
19,188,*,DSDP,Glomar Challenger
19,189,*,DSDP,Glomar Challenger
19,190,*,DSDP,Glomar Challenger
19,191,*,DSDP,Glomar Challenger
19,191,A,DSDP,Glomar Challenger
19,191,B,DSDP,Glomar Challenger
19,192,*,DSDP,Glomar Challenger
19,192,A,DSDP,Glomar Challenger
19,193,*,DSDP,Glomar Challenger
20,194,*,DSDP,Glomar Challenger
20,195,*,DSDP,Glomar Challenger
20,195,A,DSDP,Glomar Challenger
20,195,B,DSDP,Glomar Challenger
20,196,*,DSDP,Glomar Challenger
20,197,*,DSDP,Glomar Challenger
20,198,A,DSDP,Glomar Challenger
20,199,*,DSDP,Glomar Challenger
20,200,*,DSDP,Glomar Challenger
20,200,A,DSDP,Glomar Challenger
20,202,*,DSDP,Glomar Challenger
21,203,*,DSDP,Glomar Challenger
21,204,*,DSDP,Glomar Challenger
21,204,A,DSDP,Glomar Challenger
21,205,*,DSDP,Glomar Challenger
21,206,*,DSDP,Glomar Challenger
21,206,A,DSDP,Glomar Challenger
21,206,B,DSDP,Glomar Challenger
21,206,C,DSDP,Glomar Challenger
21,207,*,DSDP,Glomar Challenger
21,207,A,DSDP,Glomar Challenger
21,208,*,DSDP,Glomar Challenger
21,209,*,DSDP,Glomar Challenger
21,209,A,DSDP,Glomar Challenger
21,210,*,DSDP,Glomar Challenger
22,211,*,DSDP,Glomar Challenger
22,212,*,DSDP,Glomar Challenger
22,213,*,DSDP,Glomar Challenger
22,213,A,DSDP,Glomar Challenger
22,214,*,DSDP,Glomar Challenger
22,215,*,DSDP,Glomar Challenger
22,216,*,DSDP,Glomar Challenger
22,216,A,DSDP,Glomar Challenger
22,217,*,DSDP,Glomar Challenger
22,217,A,DSDP,Glomar Challenger
22,218,*,DSDP,Glomar Challenger
23,219,*,DSDP,Glomar Challenger
23,219,A,DSDP,Glomar Challenger
23,220,*,DSDP,Glomar Challenger
23,221,*,DSDP,Glomar Challenger
23,222,*,DSDP,Glomar Challenger
23,223,*,DSDP,Glomar Challenger
23,224,*,DSDP,Glomar Challenger
23,225,*,DSDP,Glomar Challenger
23,226,*,DSDP,Glomar Challenger
23,227,*,DSDP,Glomar Challenger
23,228,*,DSDP,Glomar Challenger
23,229,*,DSDP,Glomar Challenger
23,229,A,DSDP,Glomar Challenger
23,230,*,DSDP,Glomar Challenger
24,231,*,DSDP,Glomar Challenger
24,232,*,DSDP,Glomar Challenger
24,232,A,DSDP,Glomar Challenger
24,233,*,DSDP,Glomar Challenger
24,233,A,DSDP,Glomar Challenger
24,234,*,DSDP,Glomar Challenger
24,234,A,DSDP,Glomar Challenger
24,235,*,DSDP,Glomar Challenger
24,236,*,DSDP,Glomar Challenger
24,237,*,DSDP,Glomar Challenger
24,238,*,DSDP,Glomar Challenger
25,239,*,DSDP,Glomar Challenger
25,240,*,DSDP,Glomar Challenger
25,240,A,DSDP,Glomar Challenger
25,241,*,DSDP,Glomar Challenger
25,242,*,DSDP,Glomar Challenger
25,243,*,DSDP,Glomar Challenger
25,244,*,DSDP,Glomar Challenger
25,245,*,DSDP,Glomar Challenger
25,245,A,DSDP,Glomar Challenger
25,246,*,DSDP,Glomar Challenger
25,247,*,DSDP,Glomar Challenger
25,248,*,DSDP,Glomar Challenger
25,249,*,DSDP,Glomar Challenger
26,250,*,DSDP,Glomar Challenger
26,250,A,DSDP,Glomar Challenger
26,251,*,DSDP,Glomar Challenger
26,251,A,DSDP,Glomar Challenger
26,252,*,DSDP,Glomar Challenger
26,253,*,DSDP,Glomar Challenger
26,254,*,DSDP,Glomar Challenger
26,255,*,DSDP,Glomar Challenger
26,256,*,DSDP,Glomar Challenger
26,257,*,DSDP,Glomar Challenger
26,258,*,DSDP,Glomar Challenger
26,258,A,DSDP,Glomar Challenger
26,258,B,DSDP,Glomar Challenger
27,259,*,DSDP,Glomar Challenger
27,260,*,DSDP,Glomar Challenger
27,261,*,DSDP,Glomar Challenger
27,262,*,DSDP,Glomar Challenger
27,263,*,DSDP,Glomar Challenger
28,264,*,DSDP,Glomar Challenger
28,264,A,DSDP,Glomar Challenger
28,265,*,DSDP,Glomar Challenger
28,266,*,DSDP,Glomar Challenger
28,267,*,DSDP,Glomar Challenger
28,267,A,DSDP,Glomar Challenger
28,267,B,DSDP,Glomar Challenger
28,268,*,DSDP,Glomar Challenger
28,269,*,DSDP,Glomar Challenger
28,269,A,DSDP,Glomar Challenger
28,270,*,DSDP,Glomar Challenger
28,271,*,DSDP,Glomar Challenger
28,272,*,DSDP,Glomar Challenger
28,273,*,DSDP,Glomar Challenger
28,273,A,DSDP,Glomar Challenger
28,274,*,DSDP,Glomar Challenger
29,275,*,DSDP,Glomar Challenger
29,276,*,DSDP,Glomar Challenger
29,277,*,DSDP,Glomar Challenger
29,278,*,DSDP,Glomar Challenger
29,278,A,DSDP,Glomar Challenger
29,279,A,DSDP,Glomar Challenger
29,280,*,DSDP,Glomar Challenger
29,280,A,DSDP,Glomar Challenger
29,281,*,DSDP,Glomar Challenger
29,281,A,DSDP,Glomar Challenger
29,282,*,DSDP,Glomar Challenger
29,283,*,DSDP,Glomar Challenger
29,283,A,DSDP,Glomar Challenger
29,284,*,DSDP,Glomar Challenger
29,284,A,DSDP,Glomar Challenger
30,285,*,DSDP,Glomar Challenger
30,285,A,DSDP,Glomar Challenger
30,286,*,DSDP,Glomar Challenger
30,287,*,DSDP,Glomar Challenger
30,288,*,DSDP,Glomar Challenger
30,288,A,DSDP,Glomar Challenger
30,288,B,DSDP,Glomar Challenger
30,288,C,DSDP,Glomar Challenger
30,289,*,DSDP,Glomar Challenger
31,290,*,DSDP,Glomar Challenger
31,290,A,DSDP,Glomar Challenger
31,291,*,DSDP,Glomar Challenger
31,291,A,DSDP,Glomar Challenger
31,292,*,DSDP,Glomar Challenger
31,293,*,DSDP,Glomar Challenger
31,294,*,DSDP,Glomar Challenger
31,295,*,DSDP,Glomar Challenger
31,296,*,DSDP,Glomar Challenger
31,297,*,DSDP,Glomar Challenger
31,298,*,DSDP,Glomar Challenger
31,298,A,DSDP,Glomar Challenger
31,299,*,DSDP,Glomar Challenger
31,300,*,DSDP,Glomar Challenger
31,301,*,DSDP,Glomar Challenger
31,302,*,DSDP,Glomar Challenger
32,303,*,DSDP,Glomar Challenger
32,303,A,DSDP,Glomar Challenger
32,304,*,DSDP,Glomar Challenger
32,305,*,DSDP,Glomar Challenger
32,306,*,DSDP,Glomar Challenger
32,307,*,DSDP,Glomar Challenger
32,308,*,DSDP,Glomar Challenger
32,309,*,DSDP,Glomar Challenger
32,310,*,DSDP,Glomar Challenger
32,310,A,DSDP,Glomar Challenger
32,311,*,DSDP,Glomar Challenger
32,313,*,DSDP,Glomar Challenger
33,314,*,DSDP,Glomar Challenger
33,315,*,DSDP,Glomar Challenger
33,315,A,DSDP,Glomar Challenger
33,316,*,DSDP,Glomar Challenger
33,317,*,DSDP,Glomar Challenger
33,317,A,DSDP,Glomar Challenger
33,317,B,DSDP,Glomar Challenger
33,318,*,DSDP,Glomar Challenger
34,319,*,DSDP,Glomar Challenger
34,319,A,DSDP,Glomar Challenger
34,320,*,DSDP,Glomar Challenger
34,320,A,DSDP,Glomar Challenger
34,320,B,DSDP,Glomar Challenger
34,321,*,DSDP,Glomar Challenger
35,322,*,DSDP,Glomar Challenger
35,323,*,DSDP,Glomar Challenger
35,324,*,DSDP,Glomar Challenger
35,325,*,DSDP,Glomar Challenger
36,326,*,DSDP,Glomar Challenger
36,327,*,DSDP,Glomar Challenger
36,327,A,DSDP,Glomar Challenger
36,328,*,DSDP,Glomar Challenger
36,328,A,DSDP,Glomar Challenger
36,328,B,DSDP,Glomar Challenger
36,329,*,DSDP,Glomar Challenger
36,330,*,DSDP,Glomar Challenger
36,330,A,DSDP,Glomar Challenger
36,331,*,DSDP,Glomar Challenger
37,332,*,DSDP,Glomar Challenger
37,332,A,DSDP,Glomar Challenger
37,332,B,DSDP,Glomar Challenger
37,332,C,DSDP,Glomar Challenger
37,332,D,DSDP,Glomar Challenger
37,333,*,DSDP,Glomar Challenger
37,333,A,DSDP,Glomar Challenger
37,334,*,DSDP,Glomar Challenger
37,335,*,DSDP,Glomar Challenger
38,336,*,DSDP,Glomar Challenger
38,337,*,DSDP,Glomar Challenger
38,338,*,DSDP,Glomar Challenger
38,339,*,DSDP,Glomar Challenger
38,340,*,DSDP,Glomar Challenger
38,341,*,DSDP,Glomar Challenger
38,342,*,DSDP,Glomar Challenger
38,343,*,DSDP,Glomar Challenger
38,344,*,DSDP,Glomar Challenger
38,345,*,DSDP,Glomar Challenger
38,346,*,DSDP,Glomar Challenger
38,347,*,DSDP,Glomar Challenger
38,348,*,DSDP,Glomar Challenger
38,349,*,DSDP,Glomar Challenger
38,350,*,DSDP,Glomar Challenger
38,352,*,DSDP,Glomar Challenger
38,352,A,DSDP,Glomar Challenger
39,353,*,DSDP,Glomar Challenger
39,353,A,DSDP,Glomar Challenger
39,353,B,DSDP,Glomar Challenger
39,354,*,DSDP,Glomar Challenger
39,355,*,DSDP,Glomar Challenger
39,356,*,DSDP,Glomar Challenger
39,356,A,DSDP,Glomar Challenger
39,357,*,DSDP,Glomar Challenger
39,358,*,DSDP,Glomar Challenger
39,359,*,DSDP,Glomar Challenger
39,359,A,DSDP,Glomar Challenger
40,360,*,DSDP,Glomar Challenger
40,361,*,DSDP,Glomar Challenger
40,362,*,DSDP,Glomar Challenger
40,362,A,DSDP,Glomar Challenger
40,363,*,DSDP,Glomar Challenger
40,364,*,DSDP,Glomar Challenger
40,365,*,DSDP,Glomar Challenger
41,366,*,DSDP,Glomar Challenger
41,366,A,DSDP,Glomar Challenger
41,367,*,DSDP,Glomar Challenger
41,368,*,DSDP,Glomar Challenger
41,369,*,DSDP,Glomar Challenger
41,369,A,DSDP,Glomar Challenger
41,370,*,DSDP,Glomar Challenger
42,371,*,DSDP,Glomar Challenger
42,372,*,DSDP,Glomar Challenger
42,373,A,DSDP,Glomar Challenger
42,374,*,DSDP,Glomar Challenger
42,375,*,DSDP,Glomar Challenger
42,376,*,DSDP,Glomar Challenger
42,377,*,DSDP,Glomar Challenger
42,378,*,DSDP,Glomar Challenger
42,378,A,DSDP,Glomar Challenger
42,379,*,DSDP,Glomar Challenger
42,379,A,DSDP,Glomar Challenger
42,379,B,DSDP,Glomar Challenger
42,380,*,DSDP,Glomar Challenger
42,380,A,DSDP,Glomar Challenger
42,381,*,DSDP,Glomar Challenger
43,382,*,DSDP,Glomar Challenger
43,383,*,DSDP,Glomar Challenger
43,384,*,DSDP,Glomar Challenger
43,385,*,DSDP,Glomar Challenger
43,386,*,DSDP,Glomar Challenger
43,387,*,DSDP,Glomar Challenger
44,388,A,DSDP,Glomar Challenger
44,389,*,DSDP,Glomar Challenger
44,390,*,DSDP,Glomar Challenger
44,390,A,DSDP,Glomar Challenger
44,391,*,DSDP,Glomar Challenger
44,391,A,DSDP,Glomar Challenger
44,391,B,DSDP,Glomar Challenger
44,391,C,DSDP,Glomar Challenger
44,392,*,DSDP,Glomar Challenger
44,392,A,DSDP,Glomar Challenger
44,393,*,DSDP,Glomar Challenger
44,393,A,DSDP,Glomar Challenger
44,394,A,DSDP,Glomar Challenger
45,395,*,DSDP,Glomar Challenger
45,395,A,DSDP,Glomar Challenger
45,396,*,DSDP,Glomar Challenger
46,396,A,DSDP,Glomar Challenger
46,396,B,DSDP,Glomar Challenger
47,397,*,DSDP,Glomar Challenger
47,397,A,DSDP,Glomar Challenger
47,398,*,DSDP,Glomar Challenger
47,398,A,DSDP,Glomar Challenger
47,398,B,DSDP,Glomar Challenger
47,398,C,DSDP,Glomar Challenger
47,398,D,DSDP,Glomar Challenger
48,399,*,DSDP,Glomar Challenger
48,400,*,DSDP,Glomar Challenger
48,400,A,DSDP,Glomar Challenger
48,401,*,DSDP,Glomar Challenger
48,402,*,DSDP,Glomar Challenger
48,402,A,DSDP,Glomar Challenger
48,403,*,DSDP,Glomar Challenger
48,404,*,DSDP,Glomar Challenger
48,405,*,DSDP,Glomar Challenger
48,406,*,DSDP,Glomar Challenger
49,407,*,DSDP,Glomar Challenger
49,408,*,DSDP,Glomar Challenger
49,409,*,DSDP,Glomar Challenger
49,410,*,DSDP,Glomar Challenger
49,410,A,DSDP,Glomar Challenger
49,411,*,DSDP,Glomar Challenger
49,411,A,DSDP,Glomar Challenger
49,412,*,DSDP,Glomar Challenger
49,412,A,DSDP,Glomar Challenger
49,413,*,DSDP,Glomar Challenger
50,415,*,DSDP,Glomar Challenger
50,415,A,DSDP,Glomar Challenger
50,415,B,DSDP,Glomar Challenger
50,416,*,DSDP,Glomar Challenger
50,416,A,DSDP,Glomar Challenger
51,417,*,DSDP,Glomar Challenger
51,417,A,DSDP,Glomar Challenger
51,417,B,DSDP,Glomar Challenger
51,417,D,DSDP,Glomar Challenger
52,417,D,DSDP,Glomar Challenger
52,418,*,DSDP,Glomar Challenger
52,418,A,DSDP,Glomar Challenger
53,418,A,DSDP,Glomar Challenger
53,418,B,DSDP,Glomar Challenger
54,419,*,DSDP,Glomar Challenger
54,419,A,DSDP,Glomar Challenger
54,420,*,DSDP,Glomar Challenger
54,420,A,DSDP,Glomar Challenger
54,421,*,DSDP,Glomar Challenger
54,422,*,DSDP,Glomar Challenger
54,423,*,DSDP,Glomar Challenger
54,424,*,DSDP,Glomar Challenger
54,424,A,DSDP,Glomar Challenger
54,424,B,DSDP,Glomar Challenger
54,424,C,DSDP,Glomar Challenger
54,425,*,DSDP,Glomar Challenger
54,427,*,DSDP,Glomar Challenger
54,428,*,DSDP,Glomar Challenger
54,428,A,DSDP,Glomar Challenger
54,429,*,DSDP,Glomar Challenger
54,429,A,DSDP,Glomar Challenger
55,430,*,DSDP,Glomar Challenger
55,430,A,DSDP,Glomar Challenger
55,430,B,DSDP,Glomar Challenger
55,431,*,DSDP,Glomar Challenger
55,431,A,DSDP,Glomar Challenger
55,432,*,DSDP,Glomar Challenger
55,432,A,DSDP,Glomar Challenger
55,433,*,DSDP,Glomar Challenger
55,433,A,DSDP,Glomar Challenger
55,433,B,DSDP,Glomar Challenger
55,433,C,DSDP,Glomar Challenger
56,434,*,DSDP,Glomar Challenger
56,434,A,DSDP,Glomar Challenger
56,434,B,DSDP,Glomar Challenger
56,435,*,DSDP,Glomar Challenger
56,435,A,DSDP,Glomar Challenger
56,436,*,DSDP,Glomar Challenger
56,437,*,DSDP,Glomar Challenger
57,438,*,DSDP,Glomar Challenger
57,438,A,DSDP,Glomar Challenger
57,438,B,DSDP,Glomar Challenger
57,439,*,DSDP,Glomar Challenger
57,440,*,DSDP,Glomar Challenger
57,440,A,DSDP,Glomar Challenger
57,440,B,DSDP,Glomar Challenger
57,441,*,DSDP,Glomar Challenger
57,441,A,DSDP,Glomar Challenger
57,441,B,DSDP,Glomar Challenger
58,442,*,DSDP,Glomar Challenger
58,442,A,DSDP,Glomar Challenger
58,442,B,DSDP,Glomar Challenger
58,443,*,DSDP,Glomar Challenger
58,444,*,DSDP,Glomar Challenger
58,444,A,DSDP,Glomar Challenger
58,445,*,DSDP,Glomar Challenger
58,446,*,DSDP,Glomar Challenger
58,446,A,DSDP,Glomar Challenger
59,447,*,DSDP,Glomar Challenger
59,447,A,DSDP,Glomar Challenger
59,448,*,DSDP,Glomar Challenger
59,448,A,DSDP,Glomar Challenger
59,449,*,DSDP,Glomar Challenger
59,450,*,DSDP,Glomar Challenger
59,451,*,DSDP,Glomar Challenger
60,452,*,DSDP,Glomar Challenger
60,452,A,DSDP,Glomar Challenger
60,453,*,DSDP,Glomar Challenger
60,454,*,DSDP,Glomar Challenger
60,454,A,DSDP,Glomar Challenger
60,455,*,DSDP,Glomar Challenger
60,456,*,DSDP,Glomar Challenger
60,456,A,DSDP,Glomar Challenger
60,457,*,DSDP,Glomar Challenger
60,458,*,DSDP,Glomar Challenger
60,458,Z,DSDP,Glomar Challenger
60,459,*,DSDP,Glomar Challenger
60,459,A,DSDP,Glomar Challenger
60,459,B,DSDP,Glomar Challenger
60,460,*,DSDP,Glomar Challenger
60,460,A,DSDP,Glomar Challenger
60,460,Z,DSDP,Glomar Challenger
60,461,*,DSDP,Glomar Challenger
60,461,A,DSDP,Glomar Challenger
61,462,*,DSDP,Glomar Challenger
61,462,A,DSDP,Glomar Challenger
62,463,*,DSDP,Glomar Challenger
62,464,*,DSDP,Glomar Challenger
62,465,*,DSDP,Glomar Challenger
62,465,A,DSDP,Glomar Challenger
62,466,*,DSDP,Glomar Challenger
63,467,*,DSDP,Glomar Challenger
63,468,*,DSDP,Glomar Challenger
63,468,A,DSDP,Glomar Challenger
63,468,B,DSDP,Glomar Challenger
63,469,*,DSDP,Glomar Challenger
63,470,*,DSDP,Glomar Challenger
63,470,A,DSDP,Glomar Challenger
63,471,*,DSDP,Glomar Challenger
63,472,*,DSDP,Glomar Challenger
63,472,A,DSDP,Glomar Challenger
63,473,*,DSDP,Glomar Challenger
64,474,*,DSDP,Glomar Challenger
64,474,A,DSDP,Glomar Challenger
64,475,*,DSDP,Glomar Challenger
64,475,A,DSDP,Glomar Challenger
64,475,B,DSDP,Glomar Challenger
64,476,*,DSDP,Glomar Challenger
64,477,*,DSDP,Glomar Challenger
64,477,A,DSDP,Glomar Challenger
64,477,B,DSDP,Glomar Challenger
64,478,*,DSDP,Glomar Challenger
64,479,*,DSDP,Glomar Challenger
64,480,*,DSDP,Glomar Challenger
64,481,*,DSDP,Glomar Challenger
64,481,A,DSDP,Glomar Challenger
65,482,*,DSDP,Glomar Challenger
65,482,A,DSDP,Glomar Challenger
65,482,B,DSDP,Glomar Challenger
65,482,C,DSDP,Glomar Challenger
65,482,D,DSDP,Glomar Challenger
65,482,E,DSDP,Glomar Challenger
65,482,F,DSDP,Glomar Challenger
65,483,*,DSDP,Glomar Challenger
65,483,B,DSDP,Glomar Challenger
65,483,C,DSDP,Glomar Challenger
65,484,*,DSDP,Glomar Challenger
65,484,A,DSDP,Glomar Challenger
65,485,*,DSDP,Glomar Challenger
65,485,A,DSDP,Glomar Challenger
66,486,*,DSDP,Glomar Challenger
66,486,A,DSDP,Glomar Challenger
66,487,*,DSDP,Glomar Challenger
66,488,*,DSDP,Glomar Challenger
66,489,*,DSDP,Glomar Challenger
66,489,A,DSDP,Glomar Challenger
66,490,*,DSDP,Glomar Challenger
66,491,*,DSDP,Glomar Challenger
66,492,*,DSDP,Glomar Challenger
66,492,A,DSDP,Glomar Challenger
66,492,B,DSDP,Glomar Challenger
66,493,*,DSDP,Glomar Challenger
66,493,A,DSDP,Glomar Challenger
66,493,B,DSDP,Glomar Challenger
67,494,*,DSDP,Glomar Challenger
67,494,A,DSDP,Glomar Challenger
67,495,*,DSDP,Glomar Challenger
67,496,*,DSDP,Glomar Challenger
67,497,*,DSDP,Glomar Challenger
67,498,*,DSDP,Glomar Challenger
67,498,A,DSDP,Glomar Challenger
67,499,*,DSDP,Glomar Challenger
67,499,A,DSDP,Glomar Challenger
67,499,B,DSDP,Glomar Challenger
67,499,C,DSDP,Glomar Challenger
67,499,D,DSDP,Glomar Challenger
67,500,*,DSDP,Glomar Challenger
67,500,A,DSDP,Glomar Challenger
67,500,B,DSDP,Glomar Challenger
68,501,*,DSDP,Glomar Challenger
68,502,*,DSDP,Glomar Challenger
68,502,A,DSDP,Glomar Challenger
68,502,B,DSDP,Glomar Challenger
68,502,C,DSDP,Glomar Challenger
68,503,*,DSDP,Glomar Challenger
68,503,A,DSDP,Glomar Challenger
68,503,B,DSDP,Glomar Challenger
69,504,*,DSDP,Glomar Challenger
69,504,A,DSDP,Glomar Challenger
69,504,B,DSDP,Glomar Challenger
69,505,*,DSDP,Glomar Challenger
69,505,A,DSDP,Glomar Challenger
69,505,B,DSDP,Glomar Challenger
70,504,B,DSDP,Glomar Challenger
70,506,*,DSDP,Glomar Challenger
70,506,B,DSDP,Glomar Challenger
70,506,C,DSDP,Glomar Challenger
70,506,D,DSDP,Glomar Challenger
70,506,G,DSDP,Glomar Challenger
70,506,H,DSDP,Glomar Challenger
70,506,I,DSDP,Glomar Challenger
70,507,*,DSDP,Glomar Challenger
70,507,B,DSDP,Glomar Challenger
70,507,C,DSDP,Glomar Challenger
70,507,D,DSDP,Glomar Challenger
70,507,F,DSDP,Glomar Challenger
70,507,H,DSDP,Glomar Challenger
70,508,*,DSDP,Glomar Challenger
70,508,B,DSDP,Glomar Challenger
70,508,C,DSDP,Glomar Challenger
70,509,*,DSDP,Glomar Challenger
70,509,B,DSDP,Glomar Challenger
70,510,*,DSDP,Glomar Challenger
71,511,*,DSDP,Glomar Challenger
71,512,*,DSDP,Glomar Challenger
71,512,A,DSDP,Glomar Challenger
71,513,*,DSDP,Glomar Challenger
71,513,A,DSDP,Glomar Challenger
71,514,*,DSDP,Glomar Challenger
72,515,*,DSDP,Glomar Challenger
72,515,A,DSDP,Glomar Challenger
72,515,B,DSDP,Glomar Challenger
72,516,*,DSDP,Glomar Challenger
72,516,A,DSDP,Glomar Challenger
72,516,B,DSDP,Glomar Challenger
72,516,C,DSDP,Glomar Challenger
72,516,D,DSDP,Glomar Challenger
72,516,E,DSDP,Glomar Challenger
72,516,F,DSDP,Glomar Challenger
72,517,*,DSDP,Glomar Challenger
72,518,*,DSDP,Glomar Challenger
73,519,*,DSDP,Glomar Challenger
73,519,A,DSDP,Glomar Challenger
73,520,*,DSDP,Glomar Challenger
73,520,A,DSDP,Glomar Challenger
73,521,*,DSDP,Glomar Challenger
73,521,A,DSDP,Glomar Challenger
73,522,*,DSDP,Glomar Challenger
73,522,A,DSDP,Glomar Challenger
73,522,B,DSDP,Glomar Challenger
73,523,*,DSDP,Glomar Challenger
73,524,*,DSDP,Glomar Challenger
73,524,A,DSDP,Glomar Challenger
73,524,B,DSDP,Glomar Challenger
74,525,*,DSDP,Glomar Challenger
74,525,A,DSDP,Glomar Challenger
74,525,B,DSDP,Glomar Challenger
74,526,*,DSDP,Glomar Challenger
74,526,A,DSDP,Glomar Challenger
74,526,B,DSDP,Glomar Challenger
74,526,C,DSDP,Glomar Challenger
74,527,*,DSDP,Glomar Challenger
74,528,*,DSDP,Glomar Challenger
74,528,A,DSDP,Glomar Challenger
74,529,*,DSDP,Glomar Challenger
75,530,*,DSDP,Glomar Challenger
75,530,A,DSDP,Glomar Challenger
75,530,B,DSDP,Glomar Challenger
75,531,*,DSDP,Glomar Challenger
75,531,A,DSDP,Glomar Challenger
75,532,*,DSDP,Glomar Challenger
75,532,A,DSDP,Glomar Challenger
75,532,B,DSDP,Glomar Challenger
76,533,*,DSDP,Glomar Challenger
76,533,A,DSDP,Glomar Challenger
76,534,*,DSDP,Glomar Challenger
76,534,A,DSDP,Glomar Challenger
77,535,*,DSDP,Glomar Challenger
77,536,*,DSDP,Glomar Challenger
77,537,*,DSDP,Glomar Challenger
77,538,*,DSDP,Glomar Challenger
77,538,A,DSDP,Glomar Challenger
77,539,*,DSDP,Glomar Challenger
77,539,A,DSDP,Glomar Challenger
77,540,*,DSDP,Glomar Challenger
78,395,A,DSDP,Glomar Challenger
78,541,*,DSDP,Glomar Challenger
78,542,*,DSDP,Glomar Challenger
78,542,A,DSDP,Glomar Challenger
78,543,*,DSDP,Glomar Challenger
78,543,A,DSDP,Glomar Challenger
79,544,*,DSDP,Glomar Challenger
79,544,A,DSDP,Glomar Challenger
79,544,B,DSDP,Glomar Challenger
79,545,*,DSDP,Glomar Challenger
79,546,*,DSDP,Glomar Challenger
79,547,*,DSDP,Glomar Challenger
79,547,A,DSDP,Glomar Challenger
79,547,B,DSDP,Glomar Challenger
80,548,*,DSDP,Glomar Challenger
80,548,A,DSDP,Glomar Challenger
80,549,*,DSDP,Glomar Challenger
80,549,A,DSDP,Glomar Challenger
80,550,*,DSDP,Glomar Challenger
80,550,B,DSDP,Glomar Challenger
80,551,*,DSDP,Glomar Challenger
81,552,*,DSDP,Glomar Challenger
81,552,A,DSDP,Glomar Challenger
81,553,*,DSDP,Glomar Challenger
81,553,A,DSDP,Glomar Challenger
81,553,B,DSDP,Glomar Challenger
81,554,*,DSDP,Glomar Challenger
81,554,A,DSDP,Glomar Challenger
81,555,*,DSDP,Glomar Challenger
82,556,*,DSDP,Glomar Challenger
82,557,*,DSDP,Glomar Challenger
82,558,*,DSDP,Glomar Challenger
82,558,A,DSDP,Glomar Challenger
82,559,*,DSDP,Glomar Challenger
82,560,*,DSDP,Glomar Challenger
82,561,*,DSDP,Glomar Challenger
82,562,*,DSDP,Glomar Challenger
82,563,*,DSDP,Glomar Challenger
82,564,*,DSDP,Glomar Challenger
83,504,B,DSDP,Glomar Challenger
84,565,*,DSDP,Glomar Challenger
84,566,*,DSDP,Glomar Challenger
84,566,A,DSDP,Glomar Challenger
84,566,B,DSDP,Glomar Challenger
84,566,C,DSDP,Glomar Challenger
84,567,*,DSDP,Glomar Challenger
84,567,A,DSDP,Glomar Challenger
84,568,*,DSDP,Glomar Challenger
84,569,*,DSDP,Glomar Challenger
84,569,A,DSDP,Glomar Challenger
84,570,*,DSDP,Glomar Challenger
85,571,*,DSDP,Glomar Challenger
85,572,*,DSDP,Glomar Challenger
85,572,A,DSDP,Glomar Challenger
85,572,B,DSDP,Glomar Challenger
85,572,C,DSDP,Glomar Challenger
85,572,D,DSDP,Glomar Challenger
85,573,*,DSDP,Glomar Challenger
85,573,A,DSDP,Glomar Challenger
85,573,B,DSDP,Glomar Challenger
85,574,*,DSDP,Glomar Challenger
85,574,A,DSDP,Glomar Challenger
85,574,B,DSDP,Glomar Challenger
85,574,C,DSDP,Glomar Challenger
85,575,*,DSDP,Glomar Challenger
85,575,A,DSDP,Glomar Challenger
85,575,B,DSDP,Glomar Challenger
85,575,C,DSDP,Glomar Challenger
86,576,*,DSDP,Glomar Challenger
86,576,A,DSDP,Glomar Challenger
86,576,B,DSDP,Glomar Challenger
86,577,*,DSDP,Glomar Challenger
86,577,A,DSDP,Glomar Challenger
86,577,B,DSDP,Glomar Challenger
86,578,*,DSDP,Glomar Challenger
86,579,*,DSDP,Glomar Challenger
86,579,A,DSDP,Glomar Challenger
86,580,*,DSDP,Glomar Challenger
86,581,*,DSDP,Glomar Challenger
87,582,*,DSDP,Glomar Challenger
87,582,A,DSDP,Glomar Challenger
87,582,B,DSDP,Glomar Challenger
87,583,*,DSDP,Glomar Challenger
87,583,A,DSDP,Glomar Challenger
87,583,B,DSDP,Glomar Challenger
87,583,C,DSDP,Glomar Challenger
87,583,D,DSDP,Glomar Challenger
87,583,E,DSDP,Glomar Challenger
87,583,F,DSDP,Glomar Challenger
87,583,G,DSDP,Glomar Challenger
87,584,*,DSDP,Glomar Challenger
87,584,A,DSDP,Glomar Challenger
87,584,B,DSDP,Glomar Challenger
88,581,A,DSDP,Glomar Challenger
88,581,B,DSDP,Glomar Challenger
88,581,C,DSDP,Glomar Challenger
89,462,A,DSDP,Glomar Challenger
89,585,*,DSDP,Glomar Challenger
89,585,A,DSDP,Glomar Challenger
89,586,*,DSDP,Glomar Challenger
89,586,A,DSDP,Glomar Challenger
89,586,B,DSDP,Glomar Challenger
89,586,C,DSDP,Glomar Challenger
90,587,*,DSDP,Glomar Challenger
90,588,*,DSDP,Glomar Challenger
90,588,A,DSDP,Glomar Challenger
90,588,B,DSDP,Glomar Challenger
90,588,C,DSDP,Glomar Challenger
90,589,*,DSDP,Glomar Challenger
90,590,*,DSDP,Glomar Challenger
90,590,A,DSDP,Glomar Challenger
90,590,B,DSDP,Glomar Challenger
90,591,*,DSDP,Glomar Challenger
90,591,A,DSDP,Glomar Challenger
90,591,B,DSDP,Glomar Challenger
90,592,*,DSDP,Glomar Challenger
90,593,*,DSDP,Glomar Challenger
90,593,A,DSDP,Glomar Challenger
90,594,*,DSDP,Glomar Challenger
90,594,A,DSDP,Glomar Challenger
90,594,B,DSDP,Glomar Challenger
91,595,*,DSDP,Glomar Challenger
91,595,A,DSDP,Glomar Challenger
91,595,B,DSDP,Glomar Challenger
91,596,*,DSDP,Glomar Challenger
91,596,A,DSDP,Glomar Challenger
91,596,B,DSDP,Glomar Challenger
92,504,B,DSDP,Glomar Challenger
92,597,*,DSDP,Glomar Challenger
92,597,A,DSDP,Glomar Challenger
92,597,B,DSDP,Glomar Challenger
92,597,C,DSDP,Glomar Challenger
92,598,*,DSDP,Glomar Challenger
92,599,*,DSDP,Glomar Challenger
92,599,A,DSDP,Glomar Challenger
92,599,B,DSDP,Glomar Challenger
92,600,*,DSDP,Glomar Challenger
92,600,A,DSDP,Glomar Challenger
92,600,B,DSDP,Glomar Challenger
92,600,C,DSDP,Glomar Challenger
92,601,*,DSDP,Glomar Challenger
92,601,A,DSDP,Glomar Challenger
92,601,B,DSDP,Glomar Challenger
92,602,*,DSDP,Glomar Challenger
92,602,A,DSDP,Glomar Challenger
92,602,B,DSDP,Glomar Challenger
93,603,*,DSDP,Glomar Challenger
93,603,A,DSDP,Glomar Challenger
93,603,B,DSDP,Glomar Challenger
93,603,C,DSDP,Glomar Challenger
93,604,*,DSDP,Glomar Challenger
93,604,A,DSDP,Glomar Challenger
93,605,*,DSDP,Glomar Challenger
94,606,*,DSDP,Glomar Challenger
94,606,A,DSDP,Glomar Challenger
94,607,*,DSDP,Glomar Challenger
94,607,A,DSDP,Glomar Challenger
94,608,*,DSDP,Glomar Challenger
94,608,A,DSDP,Glomar Challenger
94,609,*,DSDP,Glomar Challenger
94,609,A,DSDP,Glomar Challenger
94,609,B,DSDP,Glomar Challenger
94,609,C,DSDP,Glomar Challenger
94,610,*,DSDP,Glomar Challenger
94,610,A,DSDP,Glomar Challenger
94,610,B,DSDP,Glomar Challenger
94,610,C,DSDP,Glomar Challenger
94,610,D,DSDP,Glomar Challenger
94,610,E,DSDP,Glomar Challenger
94,611,*,DSDP,Glomar Challenger
94,611,A,DSDP,Glomar Challenger
94,611,B,DSDP,Glomar Challenger
94,611,C,DSDP,Glomar Challenger
94,611,D,DSDP,Glomar Challenger
94,611,E,DSDP,Glomar Challenger
95,603,D,DSDP,Glomar Challenger
95,603,E,DSDP,Glomar Challenger
95,603,F,DSDP,Glomar Challenger
95,612,*,DSDP,Glomar Challenger
95,613,*,DSDP,Glomar Challenger
96,614,*,DSDP,Glomar Challenger
96,614,A,DSDP,Glomar Challenger
96,615,*,DSDP,Glomar Challenger
96,615,A,DSDP,Glomar Challenger
96,616,*,DSDP,Glomar Challenger
96,616,A,DSDP,Glomar Challenger
96,616,B,DSDP,Glomar Challenger
96,617,*,DSDP,Glomar Challenger
96,617,A,DSDP,Glomar Challenger
96,618,*,DSDP,Glomar Challenger
96,618,A,DSDP,Glomar Challenger
96,619,*,DSDP,Glomar Challenger
96,619,A,DSDP,Glomar Challenger
96,620,*,DSDP,Glomar Challenger
96,621,*,DSDP,Glomar Challenger
96,622,*,DSDP,Glomar Challenger
96,622,A,DSDP,Glomar Challenger
96,623,*,DSDP,Glomar Challenger
96,624,*,DSDP,Glomar Challenger
96,624,A,DSDP,Glomar Challenger
100,625,A,ODP,JOIDES Resolution
100,625,B,ODP,JOIDES Resolution
100,625,C,ODP,JOIDES Resolution
101,626,A,ODP,JOIDES Resolution
101,626,B,ODP,JOIDES Resolution
101,626,C,ODP,JOIDES Resolution
101,626,D,ODP,JOIDES Resolution
101,627,A,ODP,JOIDES Resolution
101,627,B,ODP,JOIDES Resolution
101,628,A,ODP,JOIDES Resolution
101,629,A,ODP,JOIDES Resolution
101,630,A,ODP,JOIDES Resolution
101,630,B,ODP,JOIDES Resolution
101,630,C,ODP,JOIDES Resolution
101,631,A,ODP,JOIDES Resolution
101,632,A,ODP,JOIDES Resolution
101,632,B,ODP,JOIDES Resolution
101,633,A,ODP,JOIDES Resolution
101,634,A,ODP,JOIDES Resolution
101,635,A,ODP,JOIDES Resolution
101,635,B,ODP,JOIDES Resolution
101,636,A,ODP,JOIDES Resolution
102,418,A,ODP,JOIDES Resolution
103,637,A,ODP,JOIDES Resolution
103,638,A,ODP,JOIDES Resolution
103,638,B,ODP,JOIDES Resolution
103,638,C,ODP,JOIDES Resolution
103,639,A,ODP,JOIDES Resolution
103,639,B,ODP,JOIDES Resolution
103,639,C,ODP,JOIDES Resolution
103,639,D,ODP,JOIDES Resolution
103,639,E,ODP,JOIDES Resolution
103,639,F,ODP,JOIDES Resolution
103,640,A,ODP,JOIDES Resolution
103,641,A,ODP,JOIDES Resolution
103,641,B,ODP,JOIDES Resolution
103,641,C,ODP,JOIDES Resolution
104,642,A,ODP,JOIDES Resolution
104,642,B,ODP,JOIDES Resolution
104,642,C,ODP,JOIDES Resolution
104,642,D,ODP,JOIDES Resolution
104,642,E,ODP,JOIDES Resolution
104,643,A,ODP,JOIDES Resolution
104,644,A,ODP,JOIDES Resolution
104,644,B,ODP,JOIDES Resolution
105,645,A,ODP,JOIDES Resolution
105,645,B,ODP,JOIDES Resolution
105,645,C,ODP,JOIDES Resolution
105,645,D,ODP,JOIDES Resolution
105,645,E,ODP,JOIDES Resolution
105,645,F,ODP,JOIDES Resolution
105,645,G,ODP,JOIDES Resolution
105,646,A,ODP,JOIDES Resolution
105,646,B,ODP,JOIDES Resolution
105,647,A,ODP,JOIDES Resolution
105,647,B,ODP,JOIDES Resolution
106,648,A,ODP,JOIDES Resolution
106,648,B,ODP,JOIDES Resolution
106,649,A,ODP,JOIDES Resolution
106,649,B,ODP,JOIDES Resolution
106,649,C,ODP,JOIDES Resolution
106,649,D,ODP,JOIDES Resolution
106,649,E,ODP,JOIDES Resolution
106,649,F,ODP,JOIDES Resolution
106,649,G,ODP,JOIDES Resolution
106,649,H,ODP,JOIDES Resolution
106,649,I,ODP,JOIDES Resolution
106,649,J,ODP,JOIDES Resolution
107,650,A,ODP,JOIDES Resolution
107,650,B,ODP,JOIDES Resolution
107,651,A,ODP,JOIDES Resolution
107,652,A,ODP,JOIDES Resolution
107,653,A,ODP,JOIDES Resolution
107,653,B,ODP,JOIDES Resolution
107,654,A,ODP,JOIDES Resolution
107,655,A,ODP,JOIDES Resolution
107,655,B,ODP,JOIDES Resolution
107,656,A,ODP,JOIDES Resolution
107,656,B,ODP,JOIDES Resolution
108,657,A,ODP,JOIDES Resolution
108,657,B,ODP,JOIDES Resolution
108,658,A,ODP,JOIDES Resolution
108,658,B,ODP,JOIDES Resolution
108,658,C,ODP,JOIDES Resolution
108,659,A,ODP,JOIDES Resolution
108,659,B,ODP,JOIDES Resolution
108,659,C,ODP,JOIDES Resolution
108,660,A,ODP,JOIDES Resolution
108,660,B,ODP,JOIDES Resolution
108,661,A,ODP,JOIDES Resolution
108,661,B,ODP,JOIDES Resolution
108,662,A,ODP,JOIDES Resolution
108,662,B,ODP,JOIDES Resolution
108,663,A,ODP,JOIDES Resolution
108,663,B,ODP,JOIDES Resolution
108,664,A,ODP,JOIDES Resolution
108,664,B,ODP,JOIDES Resolution
108,664,C,ODP,JOIDES Resolution
108,664,D,ODP,JOIDES Resolution
108,665,A,ODP,JOIDES Resolution
108,665,B,ODP,JOIDES Resolution
108,666,A,ODP,JOIDES Resolution
108,667,A,ODP,JOIDES Resolution
108,667,B,ODP,JOIDES Resolution
108,668,A,ODP,JOIDES Resolution
108,668,B,ODP,JOIDES Resolution
109,395,A,ODP,JOIDES Resolution
109,395,C,ODP,JOIDES Resolution
109,648,B,ODP,JOIDES Resolution
109,669,A,ODP,JOIDES Resolution
109,670,A,ODP,JOIDES Resolution
110,671,A,ODP,JOIDES Resolution
110,671,B,ODP,JOIDES Resolution
110,671,C,ODP,JOIDES Resolution
110,671,D,ODP,JOIDES Resolution
110,672,A,ODP,JOIDES Resolution
110,673,A,ODP,JOIDES Resolution
110,673,B,ODP,JOIDES Resolution
110,674,A,ODP,JOIDES Resolution
110,675,A,ODP,JOIDES Resolution
110,676,A,ODP,JOIDES Resolution
111,504,B,ODP,JOIDES Resolution
111,677,A,ODP,JOIDES Resolution
111,677,B,ODP,JOIDES Resolution
111,678,A,ODP,JOIDES Resolution
111,678,B,ODP,JOIDES Resolution
112,679,A,ODP,JOIDES Resolution
112,679,B,ODP,JOIDES Resolution
112,679,C,ODP,JOIDES Resolution
112,679,D,ODP,JOIDES Resolution
112,679,E,ODP,JOIDES Resolution
112,680,A,ODP,JOIDES Resolution
112,680,B,ODP,JOIDES Resolution
112,680,C,ODP,JOIDES Resolution
112,681,A,ODP,JOIDES Resolution
112,681,B,ODP,JOIDES Resolution
112,681,C,ODP,JOIDES Resolution
112,682,A,ODP,JOIDES Resolution
112,683,A,ODP,JOIDES Resolution
112,683,B,ODP,JOIDES Resolution
112,684,A,ODP,JOIDES Resolution
112,684,B,ODP,JOIDES Resolution
112,684,C,ODP,JOIDES Resolution
112,685,A,ODP,JOIDES Resolution
112,686,A,ODP,JOIDES Resolution
112,686,B,ODP,JOIDES Resolution
112,687,A,ODP,JOIDES Resolution
112,687,B,ODP,JOIDES Resolution
112,688,A,ODP,JOIDES Resolution
112,688,B,ODP,JOIDES Resolution
112,688,C,ODP,JOIDES Resolution
112,688,D,ODP,JOIDES Resolution
112,688,E,ODP,JOIDES Resolution
113,689,A,ODP,JOIDES Resolution
113,689,B,ODP,JOIDES Resolution
113,689,C,ODP,JOIDES Resolution
113,689,D,ODP,JOIDES Resolution
113,690,A,ODP,JOIDES Resolution
113,690,B,ODP,JOIDES Resolution
113,690,C,ODP,JOIDES Resolution
113,691,A,ODP,JOIDES Resolution
113,691,B,ODP,JOIDES Resolution
113,691,C,ODP,JOIDES Resolution
113,692,A,ODP,JOIDES Resolution
113,692,B,ODP,JOIDES Resolution
113,693,A,ODP,JOIDES Resolution
113,693,B,ODP,JOIDES Resolution
113,694,A,ODP,JOIDES Resolution
113,694,B,ODP,JOIDES Resolution
113,694,C,ODP,JOIDES Resolution
113,695,A,ODP,JOIDES Resolution
113,696,A,ODP,JOIDES Resolution
113,696,B,ODP,JOIDES Resolution
113,697,A,ODP,JOIDES Resolution
113,697,B,ODP,JOIDES Resolution
114,698,A,ODP,JOIDES Resolution
114,699,A,ODP,JOIDES Resolution
114,700,A,ODP,JOIDES Resolution
114,700,B,ODP,JOIDES Resolution
114,701,A,ODP,JOIDES Resolution
114,701,B,ODP,JOIDES Resolution
114,701,C,ODP,JOIDES Resolution
114,702,A,ODP,JOIDES Resolution
114,702,B,ODP,JOIDES Resolution
114,703,A,ODP,JOIDES Resolution
114,704,A,ODP,JOIDES Resolution
114,704,B,ODP,JOIDES Resolution
115,705,A,ODP,JOIDES Resolution
115,706,A,ODP,JOIDES Resolution
115,706,B,ODP,JOIDES Resolution
115,706,C,ODP,JOIDES Resolution
115,707,A,ODP,JOIDES Resolution
115,707,B,ODP,JOIDES Resolution
115,707,C,ODP,JOIDES Resolution
115,708,A,ODP,JOIDES Resolution
115,709,A,ODP,JOIDES Resolution
115,709,B,ODP,JOIDES Resolution
115,709,C,ODP,JOIDES Resolution
115,710,A,ODP,JOIDES Resolution
115,710,B,ODP,JOIDES Resolution
115,711,A,ODP,JOIDES Resolution
115,711,B,ODP,JOIDES Resolution
115,712,A,ODP,JOIDES Resolution
115,713,A,ODP,JOIDES Resolution
115,714,A,ODP,JOIDES Resolution
115,714,B,ODP,JOIDES Resolution
115,715,A,ODP,JOIDES Resolution
115,716,A,ODP,JOIDES Resolution
115,716,B,ODP,JOIDES Resolution
116,717,A,ODP,JOIDES Resolution
116,717,B,ODP,JOIDES Resolution
116,717,C,ODP,JOIDES Resolution
116,718,A,ODP,JOIDES Resolution
116,718,B,ODP,JOIDES Resolution
116,718,C,ODP,JOIDES Resolution
116,718,D,ODP,JOIDES Resolution
116,718,E,ODP,JOIDES Resolution
116,719,A,ODP,JOIDES Resolution
116,719,B,ODP,JOIDES Resolution
117,720,A,ODP,JOIDES Resolution
117,721,A,ODP,JOIDES Resolution
117,721,B,ODP,JOIDES Resolution
117,721,C,ODP,JOIDES Resolution
117,722,A,ODP,JOIDES Resolution
117,722,B,ODP,JOIDES Resolution
117,723,A,ODP,JOIDES Resolution
117,723,B,ODP,JOIDES Resolution
117,723,C,ODP,JOIDES Resolution
117,724,A,ODP,JOIDES Resolution
117,724,B,ODP,JOIDES Resolution
117,724,C,ODP,JOIDES Resolution
117,725,A,ODP,JOIDES Resolution
117,725,B,ODP,JOIDES Resolution
117,725,C,ODP,JOIDES Resolution
117,726,A,ODP,JOIDES Resolution
117,727,A,ODP,JOIDES Resolution
117,727,B,ODP,JOIDES Resolution
117,728,A,ODP,JOIDES Resolution
117,728,B,ODP,JOIDES Resolution
117,729,A,ODP,JOIDES Resolution
117,730,A,ODP,JOIDES Resolution
117,731,A,ODP,JOIDES Resolution
117,731,B,ODP,JOIDES Resolution
117,731,C,ODP,JOIDES Resolution
118,732,A,ODP,JOIDES Resolution
118,732,B,ODP,JOIDES Resolution
118,732,C,ODP,JOIDES Resolution
118,732,D,ODP,JOIDES Resolution
118,732,E,ODP,JOIDES Resolution
118,732,F,ODP,JOIDES Resolution
118,733,A,ODP,JOIDES Resolution
118,733,B,ODP,JOIDES Resolution
118,733,C,ODP,JOIDES Resolution
118,733,D,ODP,JOIDES Resolution
118,734,A,ODP,JOIDES Resolution
118,734,B,ODP,JOIDES Resolution
118,734,C,ODP,JOIDES Resolution
118,734,D,ODP,JOIDES Resolution
118,734,E,ODP,JOIDES Resolution
118,734,F,ODP,JOIDES Resolution
118,734,G,ODP,JOIDES Resolution
118,735,A,ODP,JOIDES Resolution
118,735,B,ODP,JOIDES Resolution
118,735,C,ODP,JOIDES Resolution
119,736,A,ODP,JOIDES Resolution
119,736,B,ODP,JOIDES Resolution
119,736,C,ODP,JOIDES Resolution
119,737,A,ODP,JOIDES Resolution
119,737,B,ODP,JOIDES Resolution
119,738,A,ODP,JOIDES Resolution
119,738,B,ODP,JOIDES Resolution
119,738,C,ODP,JOIDES Resolution
119,739,A,ODP,JOIDES Resolution
119,739,B,ODP,JOIDES Resolution
119,739,C,ODP,JOIDES Resolution
119,740,A,ODP,JOIDES Resolution
119,740,B,ODP,JOIDES Resolution
119,741,A,ODP,JOIDES Resolution
119,742,A,ODP,JOIDES Resolution
119,743,A,ODP,JOIDES Resolution
119,744,A,ODP,JOIDES Resolution
119,744,B,ODP,JOIDES Resolution
119,744,C,ODP,JOIDES Resolution
119,745,A,ODP,JOIDES Resolution
119,745,B,ODP,JOIDES Resolution
119,746,A,ODP,JOIDES Resolution
120,747,A,ODP,JOIDES Resolution
120,747,B,ODP,JOIDES Resolution
120,747,C,ODP,JOIDES Resolution
120,748,A,ODP,JOIDES Resolution
120,748,B,ODP,JOIDES Resolution
120,748,C,ODP,JOIDES Resolution
120,749,A,ODP,JOIDES Resolution
120,749,B,ODP,JOIDES Resolution
120,749,C,ODP,JOIDES Resolution
120,750,A,ODP,JOIDES Resolution
120,750,B,ODP,JOIDES Resolution
120,751,A,ODP,JOIDES Resolution
121,752,A,ODP,JOIDES Resolution
121,752,B,ODP,JOIDES Resolution
121,753,A,ODP,JOIDES Resolution
121,753,B,ODP,JOIDES Resolution
121,754,A,ODP,JOIDES Resolution
121,754,B,ODP,JOIDES Resolution
121,755,A,ODP,JOIDES Resolution
121,756,A,ODP,JOIDES Resolution
121,756,B,ODP,JOIDES Resolution
121,756,C,ODP,JOIDES Resolution
121,756,D,ODP,JOIDES Resolution
121,757,A,ODP,JOIDES Resolution
121,757,B,ODP,JOIDES Resolution
121,757,C,ODP,JOIDES Resolution
121,758,A,ODP,JOIDES Resolution
121,758,B,ODP,JOIDES Resolution
121,758,C,ODP,JOIDES Resolution
122,759,A,ODP,JOIDES Resolution
122,759,B,ODP,JOIDES Resolution
122,760,A,ODP,JOIDES Resolution
122,760,B,ODP,JOIDES Resolution
122,761,A,ODP,JOIDES Resolution
122,761,B,ODP,JOIDES Resolution
122,761,C,ODP,JOIDES Resolution
122,762,A,ODP,JOIDES Resolution
122,762,B,ODP,JOIDES Resolution
122,762,C,ODP,JOIDES Resolution
122,763,A,ODP,JOIDES Resolution
122,763,B,ODP,JOIDES Resolution
122,763,C,ODP,JOIDES Resolution
122,764,A,ODP,JOIDES Resolution
122,764,B,ODP,JOIDES Resolution
123,765,A,ODP,JOIDES Resolution
123,765,B,ODP,JOIDES Resolution
123,765,C,ODP,JOIDES Resolution
123,765,D,ODP,JOIDES Resolution
123,766,A,ODP,JOIDES Resolution
124,767,A,ODP,JOIDES Resolution
124,767,B,ODP,JOIDES Resolution
124,767,C,ODP,JOIDES Resolution
124,768,A,ODP,JOIDES Resolution
124,768,B,ODP,JOIDES Resolution
124,768,C,ODP,JOIDES Resolution
124,769,A,ODP,JOIDES Resolution
124,769,B,ODP,JOIDES Resolution
124,769,C,ODP,JOIDES Resolution
124,770,A,ODP,JOIDES Resolution
124,770,B,ODP,JOIDES Resolution
124,770,C,ODP,JOIDES Resolution
124,771,A,ODP,JOIDES Resolution
124,772,A,ODP,JOIDES Resolution
124,773,A,ODP,JOIDES Resolution
124,773,B,ODP,JOIDES Resolution
124,774,A,ODP,JOIDES Resolution
124,774,B,ODP,JOIDES Resolution
124,775,A,ODP,JOIDES Resolution
124,775,B,ODP,JOIDES Resolution
124,775,C,ODP,JOIDES Resolution
124,776,A,ODP,JOIDES Resolution
124,777,A,ODP,JOIDES Resolution
124,777,B,ODP,JOIDES Resolution
124,777,C,ODP,JOIDES Resolution
124,777,D,ODP,JOIDES Resolution
124,777,E,ODP,JOIDES Resolution
124,777,F,ODP,JOIDES Resolution
125,778,A,ODP,JOIDES Resolution
125,779,A,ODP,JOIDES Resolution
125,779,B,ODP,JOIDES Resolution
125,780,A,ODP,JOIDES Resolution
125,780,B,ODP,JOIDES Resolution
125,780,C,ODP,JOIDES Resolution
125,780,D,ODP,JOIDES Resolution
125,781,A,ODP,JOIDES Resolution
125,782,A,ODP,JOIDES Resolution
125,782,B,ODP,JOIDES Resolution
125,783,A,ODP,JOIDES Resolution
125,784,A,ODP,JOIDES Resolution
125,785,A,ODP,JOIDES Resolution
125,786,A,ODP,JOIDES Resolution
125,786,B,ODP,JOIDES Resolution
126,787,A,ODP,JOIDES Resolution
126,787,B,ODP,JOIDES Resolution
126,788,A,ODP,JOIDES Resolution
126,788,B,ODP,JOIDES Resolution
126,788,C,ODP,JOIDES Resolution
126,788,D,ODP,JOIDES Resolution
126,789,A,ODP,JOIDES Resolution
126,790,A,ODP,JOIDES Resolution
126,790,B,ODP,JOIDES Resolution
126,790,C,ODP,JOIDES Resolution
126,791,A,ODP,JOIDES Resolution
126,791,B,ODP,JOIDES Resolution
126,792,A,ODP,JOIDES Resolution
126,792,B,ODP,JOIDES Resolution
126,792,C,ODP,JOIDES Resolution
126,792,D,ODP,JOIDES Resolution
126,792,E,ODP,JOIDES Resolution
126,793,A,ODP,JOIDES Resolution
126,793,B,ODP,JOIDES Resolution
127,794,A,ODP,JOIDES Resolution
127,794,B,ODP,JOIDES Resolution
127,794,C,ODP,JOIDES Resolution
127,795,A,ODP,JOIDES Resolution
127,795,B,ODP,JOIDES Resolution
127,796,A,ODP,JOIDES Resolution
127,796,B,ODP,JOIDES Resolution
127,797,A,ODP,JOIDES Resolution
127,797,B,ODP,JOIDES Resolution
127,797,C,ODP,JOIDES Resolution
128,794,D,ODP,JOIDES Resolution
128,794,E,ODP,JOIDES Resolution
128,798,A,ODP,JOIDES Resolution
128,798,B,ODP,JOIDES Resolution
128,798,C,ODP,JOIDES Resolution
128,799,A,ODP,JOIDES Resolution
128,799,B,ODP,JOIDES Resolution
128,799,C,ODP,JOIDES Resolution
129,800,A,ODP,JOIDES Resolution
129,801,A,ODP,JOIDES Resolution
129,801,B,ODP,JOIDES Resolution
129,801,C,ODP,JOIDES Resolution
129,802,A,ODP,JOIDES Resolution
130,803,A,ODP,JOIDES Resolution
130,803,B,ODP,JOIDES Resolution
130,803,C,ODP,JOIDES Resolution
130,803,D,ODP,JOIDES Resolution
130,804,A,ODP,JOIDES Resolution
130,804,B,ODP,JOIDES Resolution
130,804,C,ODP,JOIDES Resolution
130,805,A,ODP,JOIDES Resolution
130,805,B,ODP,JOIDES Resolution
130,805,C,ODP,JOIDES Resolution
130,806,A,ODP,JOIDES Resolution
130,806,B,ODP,JOIDES Resolution
130,806,C,ODP,JOIDES Resolution
130,807,A,ODP,JOIDES Resolution
130,807,B,ODP,JOIDES Resolution
130,807,C,ODP,JOIDES Resolution
131,808,A,ODP,JOIDES Resolution
131,808,B,ODP,JOIDES Resolution
131,808,C,ODP,JOIDES Resolution
131,808,D,ODP,JOIDES Resolution
131,808,E,ODP,JOIDES Resolution
131,808,F,ODP,JOIDES Resolution
131,808,G,ODP,JOIDES Resolution
132,808,E,ODP,JOIDES Resolution
132,809,A,ODP,JOIDES Resolution
132,809,B,ODP,JOIDES Resolution
132,809,C,ODP,JOIDES Resolution
132,809,D,ODP,JOIDES Resolution
132,809,E,ODP,JOIDES Resolution
132,809,F,ODP,JOIDES Resolution
132,810,A,ODP,JOIDES Resolution
132,810,B,ODP,JOIDES Resolution
132,810,C,ODP,JOIDES Resolution
132,810,D,ODP,JOIDES Resolution
133,811,A,ODP,JOIDES Resolution
133,811,B,ODP,JOIDES Resolution
133,811,C,ODP,JOIDES Resolution
133,812,A,ODP,JOIDES Resolution
133,812,B,ODP,JOIDES Resolution
133,812,C,ODP,JOIDES Resolution
133,813,A,ODP,JOIDES Resolution
133,813,B,ODP,JOIDES Resolution
133,814,A,ODP,JOIDES Resolution
133,815,A,ODP,JOIDES Resolution
133,815,B,ODP,JOIDES Resolution
133,816,A,ODP,JOIDES Resolution
133,816,B,ODP,JOIDES Resolution
133,816,C,ODP,JOIDES Resolution
133,817,A,ODP,JOIDES Resolution
133,817,B,ODP,JOIDES Resolution
133,817,C,ODP,JOIDES Resolution
133,817,D,ODP,JOIDES Resolution
133,818,A,ODP,JOIDES Resolution
133,818,B,ODP,JOIDES Resolution
133,819,A,ODP,JOIDES Resolution
133,820,A,ODP,JOIDES Resolution
133,820,B,ODP,JOIDES Resolution
133,821,A,ODP,JOIDES Resolution
133,821,B,ODP,JOIDES Resolution
133,822,A,ODP,JOIDES Resolution
133,823,A,ODP,JOIDES Resolution
133,823,B,ODP,JOIDES Resolution
133,823,C,ODP,JOIDES Resolution
133,824,A,ODP,JOIDES Resolution
133,824,B,ODP,JOIDES Resolution
133,824,C,ODP,JOIDES Resolution
133,824,D,ODP,JOIDES Resolution
133,825,A,ODP,JOIDES Resolution
133,825,B,ODP,JOIDES Resolution
133,826,A,ODP,JOIDES Resolution
134,827,A,ODP,JOIDES Resolution
134,827,B,ODP,JOIDES Resolution
134,828,A,ODP,JOIDES Resolution
134,828,B,ODP,JOIDES Resolution
134,829,A,ODP,JOIDES Resolution
134,829,B,ODP,JOIDES Resolution
134,829,C,ODP,JOIDES Resolution
134,830,A,ODP,JOIDES Resolution
134,830,B,ODP,JOIDES Resolution
134,830,C,ODP,JOIDES Resolution
134,831,A,ODP,JOIDES Resolution
134,831,B,ODP,JOIDES Resolution
134,832,A,ODP,JOIDES Resolution
134,832,B,ODP,JOIDES Resolution
134,833,A,ODP,JOIDES Resolution
134,833,B,ODP,JOIDES Resolution
135,834,A,ODP,JOIDES Resolution
135,834,B,ODP,JOIDES Resolution
135,835,A,ODP,JOIDES Resolution
135,835,B,ODP,JOIDES Resolution
135,836,A,ODP,JOIDES Resolution
135,836,B,ODP,JOIDES Resolution
135,837,A,ODP,JOIDES Resolution
135,837,B,ODP,JOIDES Resolution
135,838,A,ODP,JOIDES Resolution
135,838,B,ODP,JOIDES Resolution
135,839,A,ODP,JOIDES Resolution
135,839,B,ODP,JOIDES Resolution
135,840,A,ODP,JOIDES Resolution
135,840,B,ODP,JOIDES Resolution
135,840,C,ODP,JOIDES Resolution
135,841,A,ODP,JOIDES Resolution
135,841,B,ODP,JOIDES Resolution
135,841,C,ODP,JOIDES Resolution
136,842,A,ODP,JOIDES Resolution
136,842,B,ODP,JOIDES Resolution
136,842,C,ODP,JOIDES Resolution
136,843,A,ODP,JOIDES Resolution
136,843,B,ODP,JOIDES Resolution
136,843,C,ODP,JOIDES Resolution
137,504,B,ODP,JOIDES Resolution
138,844,A,ODP,JOIDES Resolution
138,844,B,ODP,JOIDES Resolution
138,844,C,ODP,JOIDES Resolution
138,844,D,ODP,JOIDES Resolution
138,845,A,ODP,JOIDES Resolution
138,845,B,ODP,JOIDES Resolution
138,845,C,ODP,JOIDES Resolution
138,846,A,ODP,JOIDES Resolution
138,846,B,ODP,JOIDES Resolution
138,846,C,ODP,JOIDES Resolution
138,846,D,ODP,JOIDES Resolution
138,847,A,ODP,JOIDES Resolution
138,847,B,ODP,JOIDES Resolution
138,847,C,ODP,JOIDES Resolution
138,847,D,ODP,JOIDES Resolution
138,848,A,ODP,JOIDES Resolution
138,848,B,ODP,JOIDES Resolution
138,848,C,ODP,JOIDES Resolution
138,848,D,ODP,JOIDES Resolution
138,849,A,ODP,JOIDES Resolution
138,849,B,ODP,JOIDES Resolution
138,849,C,ODP,JOIDES Resolution
138,849,D,ODP,JOIDES Resolution
138,850,A,ODP,JOIDES Resolution
138,850,B,ODP,JOIDES Resolution
138,851,A,ODP,JOIDES Resolution
138,851,B,ODP,JOIDES Resolution
138,851,C,ODP,JOIDES Resolution
138,851,D,ODP,JOIDES Resolution
138,851,E,ODP,JOIDES Resolution
138,852,A,ODP,JOIDES Resolution
138,852,B,ODP,JOIDES Resolution
138,852,C,ODP,JOIDES Resolution
138,852,D,ODP,JOIDES Resolution
138,853,A,ODP,JOIDES Resolution
138,853,B,ODP,JOIDES Resolution
138,853,C,ODP,JOIDES Resolution
138,853,D,ODP,JOIDES Resolution
138,853,E,ODP,JOIDES Resolution
138,854,A,ODP,JOIDES Resolution
138,854,B,ODP,JOIDES Resolution
138,854,C,ODP,JOIDES Resolution
139,855,A,ODP,JOIDES Resolution
139,855,B,ODP,JOIDES Resolution
139,855,C,ODP,JOIDES Resolution
139,855,D,ODP,JOIDES Resolution
139,856,A,ODP,JOIDES Resolution
139,856,B,ODP,JOIDES Resolution
139,856,C,ODP,JOIDES Resolution
139,856,D,ODP,JOIDES Resolution
139,856,E,ODP,JOIDES Resolution
139,856,F,ODP,JOIDES Resolution
139,856,G,ODP,JOIDES Resolution
139,856,H,ODP,JOIDES Resolution
139,857,A,ODP,JOIDES Resolution
139,857,B,ODP,JOIDES Resolution
139,857,C,ODP,JOIDES Resolution
139,857,D,ODP,JOIDES Resolution
139,858,A,ODP,JOIDES Resolution
139,858,B,ODP,JOIDES Resolution
139,858,C,ODP,JOIDES Resolution
139,858,D,ODP,JOIDES Resolution
139,858,E,ODP,JOIDES Resolution
139,858,F,ODP,JOIDES Resolution
139,858,G,ODP,JOIDES Resolution
140,504,B,ODP,JOIDES Resolution
141,859,A,ODP,JOIDES Resolution
141,859,B,ODP,JOIDES Resolution
141,860,A,ODP,JOIDES Resolution
141,860,B,ODP,JOIDES Resolution
141,861,A,ODP,JOIDES Resolution
141,861,B,ODP,JOIDES Resolution
141,861,C,ODP,JOIDES Resolution
141,861,D,ODP,JOIDES Resolution
141,862,A,ODP,JOIDES Resolution
141,862,B,ODP,JOIDES Resolution
141,862,C,ODP,JOIDES Resolution
141,863,A,ODP,JOIDES Resolution
141,863,B,ODP,JOIDES Resolution
142,864,A,ODP,JOIDES Resolution
142,864,B,ODP,JOIDES Resolution
142,864,C,ODP,JOIDES Resolution
143,865,A,ODP,JOIDES Resolution
143,865,B,ODP,JOIDES Resolution
143,865,C,ODP,JOIDES Resolution
143,866,A,ODP,JOIDES Resolution
143,866,B,ODP,JOIDES Resolution
143,867,A,ODP,JOIDES Resolution
143,867,B,ODP,JOIDES Resolution
143,868,A,ODP,JOIDES Resolution
143,869,A,ODP,JOIDES Resolution
143,869,B,ODP,JOIDES Resolution
143,870,A,ODP,JOIDES Resolution
143,870,B,ODP,JOIDES Resolution
144,801,C,ODP,JOIDES Resolution
144,871,A,ODP,JOIDES Resolution
144,871,B,ODP,JOIDES Resolution
144,871,C,ODP,JOIDES Resolution
144,872,A,ODP,JOIDES Resolution
144,872,B,ODP,JOIDES Resolution
144,872,C,ODP,JOIDES Resolution
144,873,A,ODP,JOIDES Resolution
144,873,B,ODP,JOIDES Resolution
144,874,A,ODP,JOIDES Resolution
144,874,B,ODP,JOIDES Resolution
144,875,A,ODP,JOIDES Resolution
144,875,B,ODP,JOIDES Resolution
144,875,C,ODP,JOIDES Resolution
144,876,A,ODP,JOIDES Resolution
144,877,A,ODP,JOIDES Resolution
144,878,A,ODP,JOIDES Resolution
144,878,B,ODP,JOIDES Resolution
144,878,C,ODP,JOIDES Resolution
144,879,A,ODP,JOIDES Resolution
144,880,A,ODP,JOIDES Resolution
145,881,A,ODP,JOIDES Resolution
145,881,B,ODP,JOIDES Resolution
145,881,C,ODP,JOIDES Resolution
145,881,D,ODP,JOIDES Resolution
145,882,A,ODP,JOIDES Resolution
145,882,B,ODP,JOIDES Resolution
145,883,A,ODP,JOIDES Resolution
145,883,B,ODP,JOIDES Resolution
145,883,C,ODP,JOIDES Resolution
145,883,D,ODP,JOIDES Resolution
145,883,E,ODP,JOIDES Resolution
145,883,F,ODP,JOIDES Resolution
145,884,A,ODP,JOIDES Resolution
145,884,B,ODP,JOIDES Resolution
145,884,C,ODP,JOIDES Resolution
145,884,D,ODP,JOIDES Resolution
145,884,E,ODP,JOIDES Resolution
145,885,A,ODP,JOIDES Resolution
145,886,A,ODP,JOIDES Resolution
145,886,B,ODP,JOIDES Resolution
145,886,C,ODP,JOIDES Resolution
145,887,A,ODP,JOIDES Resolution
145,887,B,ODP,JOIDES Resolution
145,887,C,ODP,JOIDES Resolution
145,887,D,ODP,JOIDES Resolution
146,857,D,ODP,JOIDES Resolution
146,888,A,ODP,JOIDES Resolution
146,888,B,ODP,JOIDES Resolution
146,888,C,ODP,JOIDES Resolution
146,889,A,ODP,JOIDES Resolution
146,889,B,ODP,JOIDES Resolution
146,889,C,ODP,JOIDES Resolution
146,889,D,ODP,JOIDES Resolution
146,890,A,ODP,JOIDES Resolution
146,890,B,ODP,JOIDES Resolution
146,891,A,ODP,JOIDES Resolution
146,891,B,ODP,JOIDES Resolution
146,891,C,ODP,JOIDES Resolution
146,892,A,ODP,JOIDES Resolution
146,892,B,ODP,JOIDES Resolution
146,892,C,ODP,JOIDES Resolution
146,892,D,ODP,JOIDES Resolution
146,892,E,ODP,JOIDES Resolution
146,893,A,ODP,JOIDES Resolution
146,893,B,ODP,JOIDES Resolution
147,894,A,ODP,JOIDES Resolution
147,894,B,ODP,JOIDES Resolution
147,894,C,ODP,JOIDES Resolution
147,894,D,ODP,JOIDES Resolution
147,894,E,ODP,JOIDES Resolution
147,894,F,ODP,JOIDES Resolution
147,894,G,ODP,JOIDES Resolution
147,895,A,ODP,JOIDES Resolution
147,895,B,ODP,JOIDES Resolution
147,895,C,ODP,JOIDES Resolution
147,895,D,ODP,JOIDES Resolution
147,895,E,ODP,JOIDES Resolution
147,895,F,ODP,JOIDES Resolution
148,504,B,ODP,JOIDES Resolution
148,896,A,ODP,JOIDES Resolution
149,897,A,ODP,JOIDES Resolution
149,897,B,ODP,JOIDES Resolution
149,897,C,ODP,JOIDES Resolution
149,897,D,ODP,JOIDES Resolution
149,898,A,ODP,JOIDES Resolution
149,898,B,ODP,JOIDES Resolution
149,899,A,ODP,JOIDES Resolution
149,899,B,ODP,JOIDES Resolution
149,900,A,ODP,JOIDES Resolution
149,901,A,ODP,JOIDES Resolution
150,902,A,ODP,JOIDES Resolution
150,902,B,ODP,JOIDES Resolution
150,902,C,ODP,JOIDES Resolution
150,902,D,ODP,JOIDES Resolution
150,903,A,ODP,JOIDES Resolution
150,903,B,ODP,JOIDES Resolution
150,903,C,ODP,JOIDES Resolution
150,903,D,ODP,JOIDES Resolution
150,904,A,ODP,JOIDES Resolution
150,905,A,ODP,JOIDES Resolution
150,906,A,ODP,JOIDES Resolution
151,907,A,ODP,JOIDES Resolution
151,908,A,ODP,JOIDES Resolution
151,908,B,ODP,JOIDES Resolution
151,909,A,ODP,JOIDES Resolution
151,909,B,ODP,JOIDES Resolution
151,909,C,ODP,JOIDES Resolution
151,910,A,ODP,JOIDES Resolution
151,910,B,ODP,JOIDES Resolution
151,910,C,ODP,JOIDES Resolution
151,910,D,ODP,JOIDES Resolution
151,911,A,ODP,JOIDES Resolution
151,911,B,ODP,JOIDES Resolution
151,911,C,ODP,JOIDES Resolution
151,912,A,ODP,JOIDES Resolution
151,912,B,ODP,JOIDES Resolution
151,912,C,ODP,JOIDES Resolution
151,913,A,ODP,JOIDES Resolution
151,913,B,ODP,JOIDES Resolution
152,914,A,ODP,JOIDES Resolution
152,914,B,ODP,JOIDES Resolution
152,914,C,ODP,JOIDES Resolution
152,915,A,ODP,JOIDES Resolution
152,916,A,ODP,JOIDES Resolution
152,917,A,ODP,JOIDES Resolution
152,918,A,ODP,JOIDES Resolution
152,918,B,ODP,JOIDES Resolution
152,918,C,ODP,JOIDES Resolution
152,918,D,ODP,JOIDES Resolution
152,919,A,ODP,JOIDES Resolution
152,919,B,ODP,JOIDES Resolution
152,919,C,ODP,JOIDES Resolution
153,920,A,ODP,JOIDES Resolution
153,920,B,ODP,JOIDES Resolution
153,920,C,ODP,JOIDES Resolution
153,920,D,ODP,JOIDES Resolution
153,921,A,ODP,JOIDES Resolution
153,921,B,ODP,JOIDES Resolution
153,921,C,ODP,JOIDES Resolution
153,921,D,ODP,JOIDES Resolution
153,921,E,ODP,JOIDES Resolution
153,922,A,ODP,JOIDES Resolution
153,922,B,ODP,JOIDES Resolution
153,923,A,ODP,JOIDES Resolution
153,924,A,ODP,JOIDES Resolution
153,924,B,ODP,JOIDES Resolution
153,924,C,ODP,JOIDES Resolution
154,925,A,ODP,JOIDES Resolution
154,925,B,ODP,JOIDES Resolution
154,925,C,ODP,JOIDES Resolution
154,925,D,ODP,JOIDES Resolution
154,925,E,ODP,JOIDES Resolution
154,926,A,ODP,JOIDES Resolution
154,926,B,ODP,JOIDES Resolution
154,926,C,ODP,JOIDES Resolution
154,927,A,ODP,JOIDES Resolution
154,927,B,ODP,JOIDES Resolution
154,927,C,ODP,JOIDES Resolution
154,928,A,ODP,JOIDES Resolution
154,928,B,ODP,JOIDES Resolution
154,928,C,ODP,JOIDES Resolution
154,929,A,ODP,JOIDES Resolution
154,929,B,ODP,JOIDES Resolution
154,929,C,ODP,JOIDES Resolution
154,929,D,ODP,JOIDES Resolution
154,929,E,ODP,JOIDES Resolution
155,930,A,ODP,JOIDES Resolution
155,930,B,ODP,JOIDES Resolution
155,930,C,ODP,JOIDES Resolution
155,930,D,ODP,JOIDES Resolution
155,931,A,ODP,JOIDES Resolution
155,931,B,ODP,JOIDES Resolution
155,931,C,ODP,JOIDES Resolution
155,932,A,ODP,JOIDES Resolution
155,932,B,ODP,JOIDES Resolution
155,933,A,ODP,JOIDES Resolution
155,934,A,ODP,JOIDES Resolution
155,934,B,ODP,JOIDES Resolution
155,935,A,ODP,JOIDES Resolution
155,936,A,ODP,JOIDES Resolution
155,937,A,ODP,JOIDES Resolution
155,937,B,ODP,JOIDES Resolution
155,937,C,ODP,JOIDES Resolution
155,937,D,ODP,JOIDES Resolution
155,938,A,ODP,JOIDES Resolution
155,938,B,ODP,JOIDES Resolution
155,939,A,ODP,JOIDES Resolution
155,939,B,ODP,JOIDES Resolution
155,939,C,ODP,JOIDES Resolution
155,940,A,ODP,JOIDES Resolution
155,941,A,ODP,JOIDES Resolution
155,941,B,ODP,JOIDES Resolution
155,942,A,ODP,JOIDES Resolution
155,942,B,ODP,JOIDES Resolution
155,942,C,ODP,JOIDES Resolution
155,943,A,ODP,JOIDES Resolution
155,944,A,ODP,JOIDES Resolution
155,944,B,ODP,JOIDES Resolution
155,944,C,ODP,JOIDES Resolution
155,944,D,ODP,JOIDES Resolution
155,945,A,ODP,JOIDES Resolution
155,946,A,ODP,JOIDES Resolution
156,947,A,ODP,JOIDES Resolution
156,948,A,ODP,JOIDES Resolution
156,948,B,ODP,JOIDES Resolution
156,948,C,ODP,JOIDES Resolution
156,948,D,ODP,JOIDES Resolution
156,949,A,ODP,JOIDES Resolution
156,949,B,ODP,JOIDES Resolution
156,949,C,ODP,JOIDES Resolution
157,950,A,ODP,JOIDES Resolution
157,951,A,ODP,JOIDES Resolution
157,951,B,ODP,JOIDES Resolution
157,952,A,ODP,JOIDES Resolution
157,953,A,ODP,JOIDES Resolution
157,953,B,ODP,JOIDES Resolution
157,953,C,ODP,JOIDES Resolution
157,954,A,ODP,JOIDES Resolution
157,954,B,ODP,JOIDES Resolution
157,955,A,ODP,JOIDES Resolution
157,956,A,ODP,JOIDES Resolution
157,956,B,ODP,JOIDES Resolution
158,957,A,ODP,JOIDES Resolution
158,957,B,ODP,JOIDES Resolution
158,957,C,ODP,JOIDES Resolution
158,957,D,ODP,JOIDES Resolution
158,957,E,ODP,JOIDES Resolution
158,957,F,ODP,JOIDES Resolution
158,957,G,ODP,JOIDES Resolution
158,957,H,ODP,JOIDES Resolution
158,957,I,ODP,JOIDES Resolution
158,957,J,ODP,JOIDES Resolution
158,957,K,ODP,JOIDES Resolution
158,957,L,ODP,JOIDES Resolution
158,957,M,ODP,JOIDES Resolution
158,957,N,ODP,JOIDES Resolution
158,957,O,ODP,JOIDES Resolution
158,957,P,ODP,JOIDES Resolution
158,957,Q,ODP,JOIDES Resolution
159,958,A,ODP,JOIDES Resolution
159,958,B,ODP,JOIDES Resolution
159,959,A,ODP,JOIDES Resolution
159,959,B,ODP,JOIDES Resolution
159,959,C,ODP,JOIDES Resolution
159,959,D,ODP,JOIDES Resolution
159,960,A,ODP,JOIDES Resolution
159,960,B,ODP,JOIDES Resolution
159,960,C,ODP,JOIDES Resolution
159,961,A,ODP,JOIDES Resolution
159,961,B,ODP,JOIDES Resolution
159,962,A,ODP,JOIDES Resolution
159,962,B,ODP,JOIDES Resolution
159,962,C,ODP,JOIDES Resolution
159,962,D,ODP,JOIDES Resolution
160,963,A,ODP,JOIDES Resolution
160,963,B,ODP,JOIDES Resolution
160,963,C,ODP,JOIDES Resolution
160,963,D,ODP,JOIDES Resolution
160,964,A,ODP,JOIDES Resolution
160,964,B,ODP,JOIDES Resolution
160,964,C,ODP,JOIDES Resolution
160,964,D,ODP,JOIDES Resolution
160,964,E,ODP,JOIDES Resolution
160,964,F,ODP,JOIDES Resolution
160,965,A,ODP,JOIDES Resolution
160,966,A,ODP,JOIDES Resolution
160,966,B,ODP,JOIDES Resolution
160,966,C,ODP,JOIDES Resolution
160,966,D,ODP,JOIDES Resolution
160,966,E,ODP,JOIDES Resolution
160,966,F,ODP,JOIDES Resolution
160,967,A,ODP,JOIDES Resolution
160,967,B,ODP,JOIDES Resolution
160,967,C,ODP,JOIDES Resolution
160,967,D,ODP,JOIDES Resolution
160,967,E,ODP,JOIDES Resolution
160,967,F,ODP,JOIDES Resolution
160,968,A,ODP,JOIDES Resolution
160,968,B,ODP,JOIDES Resolution
160,968,C,ODP,JOIDES Resolution
160,969,A,ODP,JOIDES Resolution
160,969,B,ODP,JOIDES Resolution
160,969,C,ODP,JOIDES Resolution
160,969,D,ODP,JOIDES Resolution
160,969,E,ODP,JOIDES Resolution
160,969,F,ODP,JOIDES Resolution
160,970,A,ODP,JOIDES Resolution
160,970,B,ODP,JOIDES Resolution
160,970,C,ODP,JOIDES Resolution
160,970,D,ODP,JOIDES Resolution
160,971,A,ODP,JOIDES Resolution
160,971,B,ODP,JOIDES Resolution
160,971,C,ODP,JOIDES Resolution
160,971,D,ODP,JOIDES Resolution
160,971,E,ODP,JOIDES Resolution
160,972,A,ODP,JOIDES Resolution
160,972,B,ODP,JOIDES Resolution
160,973,A,ODP,JOIDES Resolution
160,973,B,ODP,JOIDES Resolution
160,973,C,ODP,JOIDES Resolution
160,973,D,ODP,JOIDES Resolution
160,973,E,ODP,JOIDES Resolution
161,974,A,ODP,JOIDES Resolution
161,974,B,ODP,JOIDES Resolution
161,974,C,ODP,JOIDES Resolution
161,974,D,ODP,JOIDES Resolution
161,975,A,ODP,JOIDES Resolution
161,975,B,ODP,JOIDES Resolution
161,975,C,ODP,JOIDES Resolution
161,975,D,ODP,JOIDES Resolution
161,976,A,ODP,JOIDES Resolution
161,976,B,ODP,JOIDES Resolution
161,976,C,ODP,JOIDES Resolution
161,976,D,ODP,JOIDES Resolution
161,976,E,ODP,JOIDES Resolution
161,977,A,ODP,JOIDES Resolution
161,978,A,ODP,JOIDES Resolution
161,979,A,ODP,JOIDES Resolution
162,907,B,ODP,JOIDES Resolution
162,907,C,ODP,JOIDES Resolution
162,980,A,ODP,JOIDES Resolution
162,980,B,ODP,JOIDES Resolution
162,980,C,ODP,JOIDES Resolution
162,981,A,ODP,JOIDES Resolution
162,981,B,ODP,JOIDES Resolution
162,981,C,ODP,JOIDES Resolution
162,982,A,ODP,JOIDES Resolution
162,982,B,ODP,JOIDES Resolution
162,982,C,ODP,JOIDES Resolution
162,982,D,ODP,JOIDES Resolution
162,983,A,ODP,JOIDES Resolution
162,983,B,ODP,JOIDES Resolution
162,983,C,ODP,JOIDES Resolution
162,984,A,ODP,JOIDES Resolution
162,984,B,ODP,JOIDES Resolution
162,984,C,ODP,JOIDES Resolution
162,984,D,ODP,JOIDES Resolution
162,985,A,ODP,JOIDES Resolution
162,985,B,ODP,JOIDES Resolution
162,986,A,ODP,JOIDES Resolution
162,986,B,ODP,JOIDES Resolution
162,986,C,ODP,JOIDES Resolution
162,986,D,ODP,JOIDES Resolution
162,987,A,ODP,JOIDES Resolution
162,987,B,ODP,JOIDES Resolution
162,987,C,ODP,JOIDES Resolution
162,987,D,ODP,JOIDES Resolution
162,987,E,ODP,JOIDES Resolution
163,988,A,ODP,JOIDES Resolution
163,989,A,ODP,JOIDES Resolution
163,989,B,ODP,JOIDES Resolution
163,990,A,ODP,JOIDES Resolution
164,991,A,ODP,JOIDES Resolution
164,991,B,ODP,JOIDES Resolution
164,992,A,ODP,JOIDES Resolution
164,993,A,ODP,JOIDES Resolution
164,994,A,ODP,JOIDES Resolution
164,994,B,ODP,JOIDES Resolution
164,994,C,ODP,JOIDES Resolution
164,994,D,ODP,JOIDES Resolution
164,995,A,ODP,JOIDES Resolution
164,995,B,ODP,JOIDES Resolution
164,996,A,ODP,JOIDES Resolution
164,996,B,ODP,JOIDES Resolution
164,996,C,ODP,JOIDES Resolution
164,996,D,ODP,JOIDES Resolution
164,996,E,ODP,JOIDES Resolution
164,997,A,ODP,JOIDES Resolution
164,997,B,ODP,JOIDES Resolution
165,998,A,ODP,JOIDES Resolution
165,998,B,ODP,JOIDES Resolution
165,999,A,ODP,JOIDES Resolution
165,999,B,ODP,JOIDES Resolution
165,1000,A,ODP,JOIDES Resolution
165,1000,B,ODP,JOIDES Resolution
165,1001,A,ODP,JOIDES Resolution
165,1001,B,ODP,JOIDES Resolution
165,1002,A,ODP,JOIDES Resolution
165,1002,B,ODP,JOIDES Resolution
165,1002,C,ODP,JOIDES Resolution
165,1002,D,ODP,JOIDES Resolution
165,1002,E,ODP,JOIDES Resolution
166,1003,A,ODP,JOIDES Resolution
166,1003,B,ODP,JOIDES Resolution
166,1003,C,ODP,JOIDES Resolution
166,1003,D,ODP,JOIDES Resolution
166,1004,A,ODP,JOIDES Resolution
166,1005,A,ODP,JOIDES Resolution
166,1005,B,ODP,JOIDES Resolution
166,1005,C,ODP,JOIDES Resolution
166,1006,A,ODP,JOIDES Resolution
166,1006,B,ODP,JOIDES Resolution
166,1006,C,ODP,JOIDES Resolution
166,1006,D,ODP,JOIDES Resolution
166,1007,A,ODP,JOIDES Resolution
166,1007,B,ODP,JOIDES Resolution
166,1007,C,ODP,JOIDES Resolution
166,1008,A,ODP,JOIDES Resolution
166,1009,A,ODP,JOIDES Resolution
167,1010,A,ODP,JOIDES Resolution
167,1010,B,ODP,JOIDES Resolution
167,1010,C,ODP,JOIDES Resolution
167,1010,D,ODP,JOIDES Resolution
167,1010,E,ODP,JOIDES Resolution
167,1010,F,ODP,JOIDES Resolution
167,1011,A,ODP,JOIDES Resolution
167,1011,B,ODP,JOIDES Resolution
167,1011,C,ODP,JOIDES Resolution
167,1011,D,ODP,JOIDES Resolution
167,1011,E,ODP,JOIDES Resolution
167,1012,A,ODP,JOIDES Resolution
167,1012,B,ODP,JOIDES Resolution
167,1012,C,ODP,JOIDES Resolution
167,1013,A,ODP,JOIDES Resolution
167,1013,B,ODP,JOIDES Resolution
167,1013,C,ODP,JOIDES Resolution
167,1014,A,ODP,JOIDES Resolution
167,1014,B,ODP,JOIDES Resolution
167,1014,C,ODP,JOIDES Resolution
167,1014,D,ODP,JOIDES Resolution
167,1015,A,ODP,JOIDES Resolution
167,1015,B,ODP,JOIDES Resolution
167,1016,A,ODP,JOIDES Resolution
167,1016,B,ODP,JOIDES Resolution
167,1016,C,ODP,JOIDES Resolution
167,1016,D,ODP,JOIDES Resolution
167,1017,A,ODP,JOIDES Resolution
167,1017,B,ODP,JOIDES Resolution
167,1017,C,ODP,JOIDES Resolution
167,1017,D,ODP,JOIDES Resolution
167,1017,E,ODP,JOIDES Resolution
167,1018,A,ODP,JOIDES Resolution
167,1018,B,ODP,JOIDES Resolution
167,1018,C,ODP,JOIDES Resolution
167,1018,D,ODP,JOIDES Resolution
167,1019,A,ODP,JOIDES Resolution
167,1019,B,ODP,JOIDES Resolution
167,1019,C,ODP,JOIDES Resolution
167,1019,D,ODP,JOIDES Resolution
167,1019,E,ODP,JOIDES Resolution
167,1020,A,ODP,JOIDES Resolution
167,1020,B,ODP,JOIDES Resolution
167,1020,C,ODP,JOIDES Resolution
167,1020,D,ODP,JOIDES Resolution
167,1021,A,ODP,JOIDES Resolution
167,1021,B,ODP,JOIDES Resolution
167,1021,C,ODP,JOIDES Resolution
167,1021,D,ODP,JOIDES Resolution
167,1022,A,ODP,JOIDES Resolution
167,1022,B,ODP,JOIDES Resolution
167,1022,C,ODP,JOIDES Resolution
168,1023,A,ODP,JOIDES Resolution
168,1024,A,ODP,JOIDES Resolution
168,1024,B,ODP,JOIDES Resolution
168,1024,C,ODP,JOIDES Resolution
168,1025,A,ODP,JOIDES Resolution
168,1025,B,ODP,JOIDES Resolution
168,1025,C,ODP,JOIDES Resolution
168,1026,A,ODP,JOIDES Resolution
168,1026,B,ODP,JOIDES Resolution
168,1026,C,ODP,JOIDES Resolution
168,1027,A,ODP,JOIDES Resolution
168,1027,B,ODP,JOIDES Resolution
168,1027,C,ODP,JOIDES Resolution
168,1028,A,ODP,JOIDES Resolution
168,1029,A,ODP,JOIDES Resolution
168,1030,A,ODP,JOIDES Resolution
168,1030,B,ODP,JOIDES Resolution
168,1031,A,ODP,JOIDES Resolution
168,1032,A,ODP,JOIDES Resolution
169,856,H,ODP,JOIDES Resolution
169,857,D,ODP,JOIDES Resolution
169,858,G,ODP,JOIDES Resolution
169,1033,A,ODP,JOIDES Resolution
169,1033,B,ODP,JOIDES Resolution
169,1033,C,ODP,JOIDES Resolution
169,1033,D,ODP,JOIDES Resolution
169,1034,A,ODP,JOIDES Resolution
169,1034,B,ODP,JOIDES Resolution
169,1034,C,ODP,JOIDES Resolution
169,1034,D,ODP,JOIDES Resolution
169,1034,E,ODP,JOIDES Resolution
169,1035,A,ODP,JOIDES Resolution
169,1035,B,ODP,JOIDES Resolution
169,1035,C,ODP,JOIDES Resolution
169,1035,D,ODP,JOIDES Resolution
169,1035,E,ODP,JOIDES Resolution
169,1035,F,ODP,JOIDES Resolution
169,1035,G,ODP,JOIDES Resolution
169,1035,H,ODP,JOIDES Resolution
169,1036,A,ODP,JOIDES Resolution
169,1036,B,ODP,JOIDES Resolution
169,1036,C,ODP,JOIDES Resolution
169,1037,A,ODP,JOIDES Resolution
169,1037,B,ODP,JOIDES Resolution
169,1038,A,ODP,JOIDES Resolution
169,1038,B,ODP,JOIDES Resolution
169,1038,C,ODP,JOIDES Resolution
169,1038,D,ODP,JOIDES Resolution
169,1038,E,ODP,JOIDES Resolution
169,1038,F,ODP,JOIDES Resolution
169,1038,G,ODP,JOIDES Resolution
169,1038,H,ODP,JOIDES Resolution
169,1038,I,ODP,JOIDES Resolution
170,1039,A,ODP,JOIDES Resolution
170,1039,B,ODP,JOIDES Resolution
170,1039,C,ODP,JOIDES Resolution
170,1039,D,ODP,JOIDES Resolution
170,1040,A,ODP,JOIDES Resolution
170,1040,B,ODP,JOIDES Resolution
170,1040,C,ODP,JOIDES Resolution
170,1040,D,ODP,JOIDES Resolution
170,1040,E,ODP,JOIDES Resolution
170,1041,A,ODP,JOIDES Resolution
170,1041,B,ODP,JOIDES Resolution
170,1041,C,ODP,JOIDES Resolution
170,1042,A,ODP,JOIDES Resolution
170,1042,B,ODP,JOIDES Resolution
170,1042,C,ODP,JOIDES Resolution
170,1043,A,ODP,JOIDES Resolution
170,1043,B,ODP,JOIDES Resolution
171,1044,A,ODP,JOIDES Resolution
171,1045,A,ODP,JOIDES Resolution
171,1046,A,ODP,JOIDES Resolution
171,1047,A,ODP,JOIDES Resolution
171,1048,A,ODP,JOIDES Resolution
171,1049,A,ODP,JOIDES Resolution
171,1049,B,ODP,JOIDES Resolution
171,1049,C,ODP,JOIDES Resolution
171,1050,A,ODP,JOIDES Resolution
171,1050,B,ODP,JOIDES Resolution
171,1050,C,ODP,JOIDES Resolution
171,1051,A,ODP,JOIDES Resolution
171,1051,B,ODP,JOIDES Resolution
171,1052,A,ODP,JOIDES Resolution
171,1052,B,ODP,JOIDES Resolution
171,1052,C,ODP,JOIDES Resolution
171,1052,D,ODP,JOIDES Resolution
171,1052,E,ODP,JOIDES Resolution
171,1052,F,ODP,JOIDES Resolution
171,1053,A,ODP,JOIDES Resolution
171,1053,B,ODP,JOIDES Resolution
172,1054,A,ODP,JOIDES Resolution
172,1054,B,ODP,JOIDES Resolution
172,1054,C,ODP,JOIDES Resolution
172,1055,A,ODP,JOIDES Resolution
172,1055,B,ODP,JOIDES Resolution
172,1055,C,ODP,JOIDES Resolution
172,1055,D,ODP,JOIDES Resolution
172,1055,E,ODP,JOIDES Resolution
172,1056,A,ODP,JOIDES Resolution
172,1056,B,ODP,JOIDES Resolution
172,1056,C,ODP,JOIDES Resolution
172,1056,D,ODP,JOIDES Resolution
172,1057,A,ODP,JOIDES Resolution
172,1057,B,ODP,JOIDES Resolution
172,1057,C,ODP,JOIDES Resolution
172,1058,A,ODP,JOIDES Resolution
172,1058,B,ODP,JOIDES Resolution
172,1058,C,ODP,JOIDES Resolution
172,1059,A,ODP,JOIDES Resolution
172,1059,B,ODP,JOIDES Resolution
172,1059,C,ODP,JOIDES Resolution
172,1060,A,ODP,JOIDES Resolution
172,1060,B,ODP,JOIDES Resolution
172,1060,C,ODP,JOIDES Resolution
172,1061,A,ODP,JOIDES Resolution
172,1061,B,ODP,JOIDES Resolution
172,1061,C,ODP,JOIDES Resolution
172,1061,D,ODP,JOIDES Resolution
172,1061,E,ODP,JOIDES Resolution
172,1062,A,ODP,JOIDES Resolution
172,1062,B,ODP,JOIDES Resolution
172,1062,C,ODP,JOIDES Resolution
172,1062,D,ODP,JOIDES Resolution
172,1062,E,ODP,JOIDES Resolution
172,1062,F,ODP,JOIDES Resolution
172,1062,G,ODP,JOIDES Resolution
172,1062,H,ODP,JOIDES Resolution
172,1063,A,ODP,JOIDES Resolution
172,1063,B,ODP,JOIDES Resolution
172,1063,C,ODP,JOIDES Resolution
172,1063,D,ODP,JOIDES Resolution
172,1064,A,ODP,JOIDES Resolution
173,1065,A,ODP,JOIDES Resolution
173,1066,A,ODP,JOIDES Resolution
173,1067,A,ODP,JOIDES Resolution
173,1068,A,ODP,JOIDES Resolution
173,1069,A,ODP,JOIDES Resolution
173,1070,A,ODP,JOIDES Resolution
174,395,A,ODP,JOIDES Resolution
174,1071,A,ODP,JOIDES Resolution
174,1071,B,ODP,JOIDES Resolution
174,1071,C,ODP,JOIDES Resolution
174,1071,D,ODP,JOIDES Resolution
174,1071,E,ODP,JOIDES Resolution
174,1071,F,ODP,JOIDES Resolution
174,1071,G,ODP,JOIDES Resolution
174,1071,H,ODP,JOIDES Resolution
174,1071,I,ODP,JOIDES Resolution
174,1071,J,ODP,JOIDES Resolution
174,1071,K,ODP,JOIDES Resolution
174,1071,L,ODP,JOIDES Resolution
174,1071,M,ODP,JOIDES Resolution
174,1071,N,ODP,JOIDES Resolution
174,1071,O,ODP,JOIDES Resolution
174,1071,P,ODP,JOIDES Resolution
174,1072,A,ODP,JOIDES Resolution
174,1072,B,ODP,JOIDES Resolution
174,1072,C,ODP,JOIDES Resolution
174,1072,D,ODP,JOIDES Resolution
174,1072,E,ODP,JOIDES Resolution
174,1072,F,ODP,JOIDES Resolution
174,1072,G,ODP,JOIDES Resolution
174,1073,A,ODP,JOIDES Resolution
174,1073,B,ODP,JOIDES Resolution
174,1073,C,ODP,JOIDES Resolution
174,1073,D,ODP,JOIDES Resolution
174,1073,E,ODP,JOIDES Resolution
174,1073,F,ODP,JOIDES Resolution
174,1074,A,ODP,JOIDES Resolution
175,1075,A,ODP,JOIDES Resolution
175,1075,B,ODP,JOIDES Resolution
175,1075,C,ODP,JOIDES Resolution
175,1076,A,ODP,JOIDES Resolution
175,1076,B,ODP,JOIDES Resolution
175,1076,C,ODP,JOIDES Resolution
175,1076,D,ODP,JOIDES Resolution
175,1077,A,ODP,JOIDES Resolution
175,1077,B,ODP,JOIDES Resolution
175,1077,C,ODP,JOIDES Resolution
175,1078,A,ODP,JOIDES Resolution
175,1078,B,ODP,JOIDES Resolution
175,1078,C,ODP,JOIDES Resolution
175,1078,D,ODP,JOIDES Resolution
175,1079,A,ODP,JOIDES Resolution
175,1079,B,ODP,JOIDES Resolution
175,1079,C,ODP,JOIDES Resolution
175,1080,A,ODP,JOIDES Resolution
175,1080,B,ODP,JOIDES Resolution
175,1081,A,ODP,JOIDES Resolution
175,1081,B,ODP,JOIDES Resolution
175,1081,C,ODP,JOIDES Resolution
175,1082,A,ODP,JOIDES Resolution
175,1082,B,ODP,JOIDES Resolution
175,1082,C,ODP,JOIDES Resolution
175,1083,A,ODP,JOIDES Resolution
175,1083,B,ODP,JOIDES Resolution
175,1083,C,ODP,JOIDES Resolution
175,1083,D,ODP,JOIDES Resolution
175,1084,A,ODP,JOIDES Resolution
175,1084,B,ODP,JOIDES Resolution
175,1084,C,ODP,JOIDES Resolution
175,1085,A,ODP,JOIDES Resolution
175,1085,B,ODP,JOIDES Resolution
175,1086,A,ODP,JOIDES Resolution
175,1086,B,ODP,JOIDES Resolution
175,1087,A,ODP,JOIDES Resolution
175,1087,B,ODP,JOIDES Resolution
175,1087,C,ODP,JOIDES Resolution
175,1087,D,ODP,JOIDES Resolution
176,735,B,ODP,JOIDES Resolution
177,1088,A,ODP,JOIDES Resolution
177,1088,B,ODP,JOIDES Resolution
177,1088,C,ODP,JOIDES Resolution
177,1089,A,ODP,JOIDES Resolution
177,1089,B,ODP,JOIDES Resolution
177,1089,C,ODP,JOIDES Resolution
177,1089,D,ODP,JOIDES Resolution
177,1090,A,ODP,JOIDES Resolution
177,1090,B,ODP,JOIDES Resolution
177,1090,C,ODP,JOIDES Resolution
177,1090,D,ODP,JOIDES Resolution
177,1090,E,ODP,JOIDES Resolution
177,1091,A,ODP,JOIDES Resolution
177,1091,B,ODP,JOIDES Resolution
177,1091,C,ODP,JOIDES Resolution
177,1091,D,ODP,JOIDES Resolution
177,1091,E,ODP,JOIDES Resolution
177,1092,A,ODP,JOIDES Resolution
177,1092,B,ODP,JOIDES Resolution
177,1092,C,ODP,JOIDES Resolution
177,1092,D,ODP,JOIDES Resolution
177,1093,A,ODP,JOIDES Resolution
177,1093,B,ODP,JOIDES Resolution
177,1093,C,ODP,JOIDES Resolution
177,1093,D,ODP,JOIDES Resolution
177,1093,E,ODP,JOIDES Resolution
177,1093,F,ODP,JOIDES Resolution
177,1094,A,ODP,JOIDES Resolution
177,1094,B,ODP,JOIDES Resolution
177,1094,C,ODP,JOIDES Resolution
177,1094,D,ODP,JOIDES Resolution
178,1095,A,ODP,JOIDES Resolution
178,1095,B,ODP,JOIDES Resolution
178,1095,C,ODP,JOIDES Resolution
178,1095,D,ODP,JOIDES Resolution
178,1096,A,ODP,JOIDES Resolution
178,1096,B,ODP,JOIDES Resolution
178,1096,C,ODP,JOIDES Resolution
178,1097,A,ODP,JOIDES Resolution
178,1098,A,ODP,JOIDES Resolution
178,1098,B,ODP,JOIDES Resolution
178,1098,C,ODP,JOIDES Resolution
178,1099,A,ODP,JOIDES Resolution
178,1099,B,ODP,JOIDES Resolution
178,1100,A,ODP,JOIDES Resolution
178,1100,B,ODP,JOIDES Resolution
178,1100,C,ODP,JOIDES Resolution
178,1100,D,ODP,JOIDES Resolution
178,1101,A,ODP,JOIDES Resolution
178,1102,A,ODP,JOIDES Resolution
178,1102,B,ODP,JOIDES Resolution
178,1102,C,ODP,JOIDES Resolution
178,1102,D,ODP,JOIDES Resolution
178,1103,A,ODP,JOIDES Resolution
179,1104,A,ODP,JOIDES Resolution
179,1104,B,ODP,JOIDES Resolution
179,1104,C,ODP,JOIDES Resolution
179,1104,D,ODP,JOIDES Resolution
179,1104,E,ODP,JOIDES Resolution
179,1105,A,ODP,JOIDES Resolution
179,1106,A,ODP,JOIDES Resolution
179,1106,B,ODP,JOIDES Resolution
179,1106,C,ODP,JOIDES Resolution
179,1106,D,ODP,JOIDES Resolution
179,1106,E,ODP,JOIDES Resolution
179,1107,A,ODP,JOIDES Resolution
180,1108,A,ODP,JOIDES Resolution
180,1108,B,ODP,JOIDES Resolution
180,1109,A,ODP,JOIDES Resolution
180,1109,B,ODP,JOIDES Resolution
180,1109,C,ODP,JOIDES Resolution
180,1109,D,ODP,JOIDES Resolution
180,1110,A,ODP,JOIDES Resolution
180,1110,B,ODP,JOIDES Resolution
180,1110,C,ODP,JOIDES Resolution
180,1110,D,ODP,JOIDES Resolution
180,1111,A,ODP,JOIDES Resolution
180,1112,A,ODP,JOIDES Resolution
180,1112,B,ODP,JOIDES Resolution
180,1113,A,ODP,JOIDES Resolution
180,1114,A,ODP,JOIDES Resolution
180,1115,A,ODP,JOIDES Resolution
180,1115,B,ODP,JOIDES Resolution
180,1115,C,ODP,JOIDES Resolution
180,1116,A,ODP,JOIDES Resolution
180,1117,A,ODP,JOIDES Resolution
180,1117,B,ODP,JOIDES Resolution
180,1117,C,ODP,JOIDES Resolution
180,1118,A,ODP,JOIDES Resolution
181,1119,A,ODP,JOIDES Resolution
181,1119,B,ODP,JOIDES Resolution
181,1119,C,ODP,JOIDES Resolution
181,1120,A,ODP,JOIDES Resolution
181,1120,B,ODP,JOIDES Resolution
181,1120,C,ODP,JOIDES Resolution
181,1120,D,ODP,JOIDES Resolution
181,1121,A,ODP,JOIDES Resolution
181,1121,B,ODP,JOIDES Resolution
181,1122,A,ODP,JOIDES Resolution
181,1122,B,ODP,JOIDES Resolution
181,1122,C,ODP,JOIDES Resolution
181,1123,A,ODP,JOIDES Resolution
181,1123,B,ODP,JOIDES Resolution
181,1123,C,ODP,JOIDES Resolution
181,1124,A,ODP,JOIDES Resolution
181,1124,B,ODP,JOIDES Resolution
181,1124,C,ODP,JOIDES Resolution
181,1124,D,ODP,JOIDES Resolution
181,1125,A,ODP,JOIDES Resolution
181,1125,B,ODP,JOIDES Resolution
182,1126,A,ODP,JOIDES Resolution
182,1126,B,ODP,JOIDES Resolution
182,1126,C,ODP,JOIDES Resolution
182,1126,D,ODP,JOIDES Resolution
182,1127,A,ODP,JOIDES Resolution
182,1127,B,ODP,JOIDES Resolution
182,1128,A,ODP,JOIDES Resolution
182,1128,B,ODP,JOIDES Resolution
182,1128,C,ODP,JOIDES Resolution
182,1128,D,ODP,JOIDES Resolution
182,1129,A,ODP,JOIDES Resolution
182,1129,B,ODP,JOIDES Resolution
182,1129,C,ODP,JOIDES Resolution
182,1129,D,ODP,JOIDES Resolution
182,1130,A,ODP,JOIDES Resolution
182,1130,B,ODP,JOIDES Resolution
182,1130,C,ODP,JOIDES Resolution
182,1131,A,ODP,JOIDES Resolution
182,1131,B,ODP,JOIDES Resolution
182,1132,A,ODP,JOIDES Resolution
182,1132,B,ODP,JOIDES Resolution
182,1132,C,ODP,JOIDES Resolution
182,1133,A,ODP,JOIDES Resolution
182,1133,B,ODP,JOIDES Resolution
182,1133,C,ODP,JOIDES Resolution
182,1134,A,ODP,JOIDES Resolution
182,1134,B,ODP,JOIDES Resolution
183,1135,A,ODP,JOIDES Resolution
183,1136,A,ODP,JOIDES Resolution
183,1137,A,ODP,JOIDES Resolution
183,1138,A,ODP,JOIDES Resolution
183,1139,A,ODP,JOIDES Resolution
183,1140,A,ODP,JOIDES Resolution
183,1141,A,ODP,JOIDES Resolution
183,1142,A,ODP,JOIDES Resolution
184,1143,A,ODP,JOIDES Resolution
184,1143,B,ODP,JOIDES Resolution
184,1143,C,ODP,JOIDES Resolution
184,1144,A,ODP,JOIDES Resolution
184,1144,B,ODP,JOIDES Resolution
184,1144,C,ODP,JOIDES Resolution
184,1145,A,ODP,JOIDES Resolution
184,1145,B,ODP,JOIDES Resolution
184,1145,C,ODP,JOIDES Resolution
184,1146,A,ODP,JOIDES Resolution
184,1146,B,ODP,JOIDES Resolution
184,1146,C,ODP,JOIDES Resolution
184,1147,A,ODP,JOIDES Resolution
184,1147,B,ODP,JOIDES Resolution
184,1147,C,ODP,JOIDES Resolution
184,1148,A,ODP,JOIDES Resolution
184,1148,B,ODP,JOIDES Resolution
185,801,C,ODP,JOIDES Resolution
185,801,D,ODP,JOIDES Resolution
185,1149,A,ODP,JOIDES Resolution
185,1149,B,ODP,JOIDES Resolution
185,1149,C,ODP,JOIDES Resolution
185,1149,D,ODP,JOIDES Resolution
186,1150,A,ODP,JOIDES Resolution
186,1150,B,ODP,JOIDES Resolution
186,1150,C,ODP,JOIDES Resolution
186,1150,D,ODP,JOIDES Resolution
186,1151,A,ODP,JOIDES Resolution
186,1151,B,ODP,JOIDES Resolution
186,1151,C,ODP,JOIDES Resolution
186,1151,D,ODP,JOIDES Resolution
187,1152,A,ODP,JOIDES Resolution
187,1152,B,ODP,JOIDES Resolution
187,1153,A,ODP,JOIDES Resolution
187,1154,A,ODP,JOIDES Resolution
187,1155,A,ODP,JOIDES Resolution
187,1155,B,ODP,JOIDES Resolution
187,1156,A,ODP,JOIDES Resolution
187,1156,B,ODP,JOIDES Resolution
187,1157,A,ODP,JOIDES Resolution
187,1157,B,ODP,JOIDES Resolution
187,1158,A,ODP,JOIDES Resolution
187,1158,B,ODP,JOIDES Resolution
187,1158,C,ODP,JOIDES Resolution
187,1159,A,ODP,JOIDES Resolution
187,1160,A,ODP,JOIDES Resolution
187,1160,B,ODP,JOIDES Resolution
187,1161,A,ODP,JOIDES Resolution
187,1161,B,ODP,JOIDES Resolution
187,1162,A,ODP,JOIDES Resolution
187,1162,B,ODP,JOIDES Resolution
187,1163,A,ODP,JOIDES Resolution
187,1164,A,ODP,JOIDES Resolution
187,1164,B,ODP,JOIDES Resolution
188,1165,A,ODP,JOIDES Resolution
188,1165,B,ODP,JOIDES Resolution
188,1165,C,ODP,JOIDES Resolution
188,1166,A,ODP,JOIDES Resolution
188,1166,B,ODP,JOIDES Resolution
188,1167,A,ODP,JOIDES Resolution
188,1167,B,ODP,JOIDES Resolution
189,1168,A,ODP,JOIDES Resolution
189,1168,B,ODP,JOIDES Resolution
189,1168,C,ODP,JOIDES Resolution
189,1169,A,ODP,JOIDES Resolution
189,1170,A,ODP,JOIDES Resolution
189,1170,B,ODP,JOIDES Resolution
189,1170,C,ODP,JOIDES Resolution
189,1170,D,ODP,JOIDES Resolution
189,1171,A,ODP,JOIDES Resolution
189,1171,B,ODP,JOIDES Resolution
189,1171,C,ODP,JOIDES Resolution
189,1171,D,ODP,JOIDES Resolution
189,1172,A,ODP,JOIDES Resolution
189,1172,B,ODP,JOIDES Resolution
189,1172,C,ODP,JOIDES Resolution
189,1172,D,ODP,JOIDES Resolution
190,1173,A,ODP,JOIDES Resolution
190,1174,A,ODP,JOIDES Resolution
190,1174,B,ODP,JOIDES Resolution
190,1175,A,ODP,JOIDES Resolution
190,1176,A,ODP,JOIDES Resolution
190,1177,A,ODP,JOIDES Resolution
190,1178,A,ODP,JOIDES Resolution
190,1178,B,ODP,JOIDES Resolution
191,1179,A,ODP,JOIDES Resolution
191,1179,B,ODP,JOIDES Resolution
191,1179,C,ODP,JOIDES Resolution
191,1179,D,ODP,JOIDES Resolution
191,1179,E,ODP,JOIDES Resolution
191,1180,A,ODP,JOIDES Resolution
191,1180,B,ODP,JOIDES Resolution
191,1180,C,ODP,JOIDES Resolution
191,1181,A,ODP,JOIDES Resolution
191,1181,B,ODP,JOIDES Resolution
191,1181,C,ODP,JOIDES Resolution
191,1182,A,ODP,JOIDES Resolution
191,1182,B,ODP,JOIDES Resolution
191,1182,C,ODP,JOIDES Resolution
191,1182,D,ODP,JOIDES Resolution
191,1182,E,ODP,JOIDES Resolution
191,1182,F,ODP,JOIDES Resolution
191,1182,G,ODP,JOIDES Resolution
192,1183,A,ODP,JOIDES Resolution
192,1184,A,ODP,JOIDES Resolution
192,1185,A,ODP,JOIDES Resolution
192,1185,B,ODP,JOIDES Resolution
192,1186,A,ODP,JOIDES Resolution
192,1187,A,ODP,JOIDES Resolution
193,1188,A,ODP,JOIDES Resolution
193,1188,B,ODP,JOIDES Resolution
193,1188,C,ODP,JOIDES Resolution
193,1188,D,ODP,JOIDES Resolution
193,1188,E,ODP,JOIDES Resolution
193,1188,F,ODP,JOIDES Resolution
193,1189,A,ODP,JOIDES Resolution
193,1189,B,ODP,JOIDES Resolution
193,1189,C,ODP,JOIDES Resolution
193,1190,A,ODP,JOIDES Resolution
193,1190,B,ODP,JOIDES Resolution
193,1190,C,ODP,JOIDES Resolution
193,1191,A,ODP,JOIDES Resolution
194,1192,A,ODP,JOIDES Resolution
194,1192,B,ODP,JOIDES Resolution
194,1193,A,ODP,JOIDES Resolution
194,1193,B,ODP,JOIDES Resolution
194,1193,C,ODP,JOIDES Resolution
194,1194,A,ODP,JOIDES Resolution
194,1194,B,ODP,JOIDES Resolution
194,1195,A,ODP,JOIDES Resolution
194,1195,B,ODP,JOIDES Resolution
194,1196,A,ODP,JOIDES Resolution
194,1196,B,ODP,JOIDES Resolution
194,1197,A,ODP,JOIDES Resolution
194,1197,B,ODP,JOIDES Resolution
194,1198,A,ODP,JOIDES Resolution
194,1198,B,ODP,JOIDES Resolution
194,1199,A,ODP,JOIDES Resolution
195,1200,A,ODP,JOIDES Resolution
195,1200,B,ODP,JOIDES Resolution
195,1200,C,ODP,JOIDES Resolution
195,1200,D,ODP,JOIDES Resolution
195,1200,E,ODP,JOIDES Resolution
195,1200,F,ODP,JOIDES Resolution
195,1201,A,ODP,JOIDES Resolution
195,1201,B,ODP,JOIDES Resolution
195,1201,C,ODP,JOIDES Resolution
195,1201,D,ODP,JOIDES Resolution
195,1201,E,ODP,JOIDES Resolution
195,1202,A,ODP,JOIDES Resolution
195,1202,B,ODP,JOIDES Resolution
195,1202,C,ODP,JOIDES Resolution
195,1202,D,ODP,JOIDES Resolution
196,808,H,ODP,JOIDES Resolution
196,808,I,ODP,JOIDES Resolution
196,1173,B,ODP,JOIDES Resolution
196,1173,C,ODP,JOIDES Resolution
197,1203,A,ODP,JOIDES Resolution
197,1204,A,ODP,JOIDES Resolution
197,1204,B,ODP,JOIDES Resolution
197,1205,A,ODP,JOIDES Resolution
197,1206,A,ODP,JOIDES Resolution
198,1207,A,ODP,JOIDES Resolution
198,1207,B,ODP,JOIDES Resolution
198,1208,A,ODP,JOIDES Resolution
198,1209,A,ODP,JOIDES Resolution
198,1209,B,ODP,JOIDES Resolution
198,1209,C,ODP,JOIDES Resolution
198,1210,A,ODP,JOIDES Resolution
198,1210,B,ODP,JOIDES Resolution
198,1211,A,ODP,JOIDES Resolution
198,1211,B,ODP,JOIDES Resolution
198,1211,C,ODP,JOIDES Resolution
198,1212,A,ODP,JOIDES Resolution
198,1212,B,ODP,JOIDES Resolution
198,1213,A,ODP,JOIDES Resolution
198,1213,B,ODP,JOIDES Resolution
198,1214,A,ODP,JOIDES Resolution
199,1215,A,ODP,JOIDES Resolution
199,1215,B,ODP,JOIDES Resolution
199,1216,A,ODP,JOIDES Resolution
199,1216,B,ODP,JOIDES Resolution
199,1217,A,ODP,JOIDES Resolution
199,1217,B,ODP,JOIDES Resolution
199,1217,C,ODP,JOIDES Resolution
199,1218,A,ODP,JOIDES Resolution
199,1218,B,ODP,JOIDES Resolution
199,1218,C,ODP,JOIDES Resolution
199,1219,A,ODP,JOIDES Resolution
199,1219,B,ODP,JOIDES Resolution
199,1220,A,ODP,JOIDES Resolution
199,1220,B,ODP,JOIDES Resolution
199,1220,C,ODP,JOIDES Resolution
199,1221,A,ODP,JOIDES Resolution
199,1221,B,ODP,JOIDES Resolution
199,1221,C,ODP,JOIDES Resolution
199,1221,D,ODP,JOIDES Resolution
199,1222,A,ODP,JOIDES Resolution
199,1222,B,ODP,JOIDES Resolution
200,1223,A,ODP,JOIDES Resolution
200,1224,A,ODP,JOIDES Resolution
200,1224,B,ODP,JOIDES Resolution
200,1224,C,ODP,JOIDES Resolution
200,1224,D,ODP,JOIDES Resolution
200,1224,E,ODP,JOIDES Resolution
200,1224,F,ODP,JOIDES Resolution
201,1225,A,ODP,JOIDES Resolution
201,1225,B,ODP,JOIDES Resolution
201,1225,C,ODP,JOIDES Resolution
201,1226,A,ODP,JOIDES Resolution
201,1226,B,ODP,JOIDES Resolution
201,1226,C,ODP,JOIDES Resolution
201,1226,D,ODP,JOIDES Resolution
201,1226,E,ODP,JOIDES Resolution
201,1227,A,ODP,JOIDES Resolution
201,1227,B,ODP,JOIDES Resolution
201,1227,C,ODP,JOIDES Resolution
201,1227,D,ODP,JOIDES Resolution
201,1227,E,ODP,JOIDES Resolution
201,1228,A,ODP,JOIDES Resolution
201,1228,B,ODP,JOIDES Resolution
201,1228,C,ODP,JOIDES Resolution
201,1228,D,ODP,JOIDES Resolution
201,1228,E,ODP,JOIDES Resolution
201,1229,A,ODP,JOIDES Resolution
201,1229,B,ODP,JOIDES Resolution
201,1229,C,ODP,JOIDES Resolution
201,1229,D,ODP,JOIDES Resolution
201,1229,E,ODP,JOIDES Resolution
201,1230,A,ODP,JOIDES Resolution
201,1230,B,ODP,JOIDES Resolution
201,1230,C,ODP,JOIDES Resolution
201,1230,D,ODP,JOIDES Resolution
201,1230,E,ODP,JOIDES Resolution
201,1231,A,ODP,JOIDES Resolution
201,1231,B,ODP,JOIDES Resolution
201,1231,C,ODP,JOIDES Resolution
201,1231,D,ODP,JOIDES Resolution
201,1231,E,ODP,JOIDES Resolution
202,1232,A,ODP,JOIDES Resolution
202,1232,B,ODP,JOIDES Resolution
202,1232,C,ODP,JOIDES Resolution
202,1233,A,ODP,JOIDES Resolution
202,1233,B,ODP,JOIDES Resolution
202,1233,C,ODP,JOIDES Resolution
202,1233,D,ODP,JOIDES Resolution
202,1233,E,ODP,JOIDES Resolution
202,1234,A,ODP,JOIDES Resolution
202,1234,B,ODP,JOIDES Resolution
202,1234,C,ODP,JOIDES Resolution
202,1235,A,ODP,JOIDES Resolution
202,1235,B,ODP,JOIDES Resolution
202,1235,C,ODP,JOIDES Resolution
202,1236,A,ODP,JOIDES Resolution
202,1236,B,ODP,JOIDES Resolution
202,1236,C,ODP,JOIDES Resolution
202,1237,A,ODP,JOIDES Resolution
202,1237,B,ODP,JOIDES Resolution
202,1237,C,ODP,JOIDES Resolution
202,1237,D,ODP,JOIDES Resolution
202,1238,A,ODP,JOIDES Resolution
202,1238,B,ODP,JOIDES Resolution
202,1238,C,ODP,JOIDES Resolution
202,1239,A,ODP,JOIDES Resolution
202,1239,B,ODP,JOIDES Resolution
202,1239,C,ODP,JOIDES Resolution
202,1240,A,ODP,JOIDES Resolution
202,1240,B,ODP,JOIDES Resolution
202,1240,C,ODP,JOIDES Resolution
202,1240,D,ODP,JOIDES Resolution
202,1241,A,ODP,JOIDES Resolution
202,1241,B,ODP,JOIDES Resolution
202,1241,C,ODP,JOIDES Resolution
202,1242,A,ODP,JOIDES Resolution
202,1242,B,ODP,JOIDES Resolution
202,1242,C,ODP,JOIDES Resolution
202,1242,D,ODP,JOIDES Resolution
203,1243,A,ODP,JOIDES Resolution
203,1243,B,ODP,JOIDES Resolution
204,1244,A,ODP,JOIDES Resolution
204,1244,B,ODP,JOIDES Resolution
204,1244,C,ODP,JOIDES Resolution
204,1244,D,ODP,JOIDES Resolution
204,1244,E,ODP,JOIDES Resolution
204,1244,F,ODP,JOIDES Resolution
204,1245,A,ODP,JOIDES Resolution
204,1245,B,ODP,JOIDES Resolution
204,1245,C,ODP,JOIDES Resolution
204,1245,D,ODP,JOIDES Resolution
204,1245,E,ODP,JOIDES Resolution
204,1246,A,ODP,JOIDES Resolution
204,1246,B,ODP,JOIDES Resolution
204,1247,A,ODP,JOIDES Resolution
204,1247,B,ODP,JOIDES Resolution
204,1248,A,ODP,JOIDES Resolution
204,1248,B,ODP,JOIDES Resolution
204,1248,C,ODP,JOIDES Resolution
204,1249,A,ODP,JOIDES Resolution
204,1249,B,ODP,JOIDES Resolution
204,1249,C,ODP,JOIDES Resolution
204,1249,D,ODP,JOIDES Resolution
204,1249,E,ODP,JOIDES Resolution
204,1249,F,ODP,JOIDES Resolution
204,1249,G,ODP,JOIDES Resolution
204,1249,H,ODP,JOIDES Resolution
204,1249,I,ODP,JOIDES Resolution
204,1249,J,ODP,JOIDES Resolution
204,1249,K,ODP,JOIDES Resolution
204,1249,L,ODP,JOIDES Resolution
204,1250,A,ODP,JOIDES Resolution
204,1250,B,ODP,JOIDES Resolution
204,1250,C,ODP,JOIDES Resolution
204,1250,D,ODP,JOIDES Resolution
204,1250,E,ODP,JOIDES Resolution
204,1250,F,ODP,JOIDES Resolution
204,1251,A,ODP,JOIDES Resolution
204,1251,B,ODP,JOIDES Resolution
204,1251,C,ODP,JOIDES Resolution
204,1251,D,ODP,JOIDES Resolution
204,1251,E,ODP,JOIDES Resolution
204,1251,F,ODP,JOIDES Resolution
204,1251,G,ODP,JOIDES Resolution
204,1251,H,ODP,JOIDES Resolution
204,1252,A,ODP,JOIDES Resolution
205,1253,A,ODP,JOIDES Resolution
205,1254,A,ODP,JOIDES Resolution
205,1254,B,ODP,JOIDES Resolution
205,1255,A,ODP,JOIDES Resolution
206,1256,A,ODP,JOIDES Resolution
206,1256,B,ODP,JOIDES Resolution
206,1256,C,ODP,JOIDES Resolution
206,1256,D,ODP,JOIDES Resolution
207,1257,A,ODP,JOIDES Resolution
207,1257,B,ODP,JOIDES Resolution
207,1257,C,ODP,JOIDES Resolution
207,1258,A,ODP,JOIDES Resolution
207,1258,B,ODP,JOIDES Resolution
207,1258,C,ODP,JOIDES Resolution
207,1259,A,ODP,JOIDES Resolution
207,1259,B,ODP,JOIDES Resolution
207,1259,C,ODP,JOIDES Resolution
207,1260,A,ODP,JOIDES Resolution
207,1260,B,ODP,JOIDES Resolution
207,1261,A,ODP,JOIDES Resolution
207,1261,B,ODP,JOIDES Resolution
208,1262,A,ODP,JOIDES Resolution
208,1262,B,ODP,JOIDES Resolution
208,1262,C,ODP,JOIDES Resolution
208,1263,A,ODP,JOIDES Resolution
208,1263,B,ODP,JOIDES Resolution
208,1263,C,ODP,JOIDES Resolution
208,1263,D,ODP,JOIDES Resolution
208,1264,A,ODP,JOIDES Resolution
208,1264,B,ODP,JOIDES Resolution
208,1264,C,ODP,JOIDES Resolution
208,1265,A,ODP,JOIDES Resolution
208,1265,B,ODP,JOIDES Resolution
208,1265,C,ODP,JOIDES Resolution
208,1265,D,ODP,JOIDES Resolution
208,1266,A,ODP,JOIDES Resolution
208,1266,B,ODP,JOIDES Resolution
208,1266,C,ODP,JOIDES Resolution
208,1267,A,ODP,JOIDES Resolution
208,1267,B,ODP,JOIDES Resolution
209,1268,A,ODP,JOIDES Resolution
209,1269,A,ODP,JOIDES Resolution
209,1269,B,ODP,JOIDES Resolution
209,1269,C,ODP,JOIDES Resolution
209,1270,A,ODP,JOIDES Resolution
209,1270,B,ODP,JOIDES Resolution
209,1270,C,ODP,JOIDES Resolution
209,1270,D,ODP,JOIDES Resolution
209,1271,A,ODP,JOIDES Resolution
209,1271,B,ODP,JOIDES Resolution
209,1272,A,ODP,JOIDES Resolution
209,1273,A,ODP,JOIDES Resolution
209,1273,B,ODP,JOIDES Resolution
209,1273,C,ODP,JOIDES Resolution
209,1274,A,ODP,JOIDES Resolution
209,1275,A,ODP,JOIDES Resolution
209,1275,B,ODP,JOIDES Resolution
209,1275,C,ODP,JOIDES Resolution
209,1275,D,ODP,JOIDES Resolution
210,1276,A,ODP,JOIDES Resolution
210,1277,A,ODP,JOIDES Resolution
301,1026,B,IODP,JOIDES Resolution
301,1301,A,IODP,JOIDES Resolution
301,1301,B,IODP,JOIDES Resolution
301,1301,C,IODP,JOIDES Resolution
301,1301,D,IODP,JOIDES Resolution
302,M0001,A,IODP,MSP
302,M0002,A,IODP,MSP
302,M0003,A,IODP,MSP
302,M0004,A,IODP,MSP
302,M0004,B,IODP,MSP
302,M0004,C,IODP,MSP
303,1302,A,IODP,JOIDES Resolution
303,1302,B,IODP,JOIDES Resolution
303,1302,C,IODP,JOIDES Resolution
303,1302,D,IODP,JOIDES Resolution
303,1302,E,IODP,JOIDES Resolution
303,1303,A,IODP,JOIDES Resolution
303,1303,B,IODP,JOIDES Resolution
303,1304,A,IODP,JOIDES Resolution
303,1304,B,IODP,JOIDES Resolution
303,1304,C,IODP,JOIDES Resolution
303,1304,D,IODP,JOIDES Resolution
303,1305,A,IODP,JOIDES Resolution
303,1305,B,IODP,JOIDES Resolution
303,1305,C,IODP,JOIDES Resolution
303,1306,A,IODP,JOIDES Resolution
303,1306,B,IODP,JOIDES Resolution
303,1306,C,IODP,JOIDES Resolution
303,1306,D,IODP,JOIDES Resolution
303,1307,A,IODP,JOIDES Resolution
303,1307,B,IODP,JOIDES Resolution
303,1308,A,IODP,JOIDES Resolution
303,1308,B,IODP,JOIDES Resolution
303,1308,C,IODP,JOIDES Resolution
303,1308,D,IODP,JOIDES Resolution
303,1308,E,IODP,JOIDES Resolution
303,1308,F,IODP,JOIDES Resolution
304,1309,A,IODP,JOIDES Resolution
304,1309,B,IODP,JOIDES Resolution
304,1309,C,IODP,JOIDES Resolution
304,1309,D,IODP,JOIDES Resolution
304,1309,E,IODP,JOIDES Resolution
304,1309,F,IODP,JOIDES Resolution
304,1309,G,IODP,JOIDES Resolution
304,1309,H,IODP,JOIDES Resolution
304,1310,A,IODP,JOIDES Resolution
304,1310,B,IODP,JOIDES Resolution
304,1311,A,IODP,JOIDES Resolution
304,1311,B,IODP,JOIDES Resolution
305,1309,D,IODP,JOIDES Resolution
306,642,E,IODP,JOIDES Resolution
306,1312,A,IODP,JOIDES Resolution
306,1312,B,IODP,JOIDES Resolution
306,1313,A,IODP,JOIDES Resolution
306,1313,B,IODP,JOIDES Resolution
306,1313,C,IODP,JOIDES Resolution
306,1313,D,IODP,JOIDES Resolution
306,1314,A,IODP,JOIDES Resolution
306,1314,B,IODP,JOIDES Resolution
306,1314,C,IODP,JOIDES Resolution
306,1315,A,IODP,JOIDES Resolution
307,1316,A,IODP,JOIDES Resolution
307,1316,B,IODP,JOIDES Resolution
307,1316,C,IODP,JOIDES Resolution
307,1317,A,IODP,JOIDES Resolution
307,1317,B,IODP,JOIDES Resolution
307,1317,C,IODP,JOIDES Resolution
307,1317,D,IODP,JOIDES Resolution
307,1317,E,IODP,JOIDES Resolution
307,1318,A,IODP,JOIDES Resolution
307,1318,B,IODP,JOIDES Resolution
307,1318,C,IODP,JOIDES Resolution
308,1319,A,IODP,JOIDES Resolution
308,1319,B,IODP,JOIDES Resolution
308,1320,A,IODP,JOIDES Resolution
308,1320,B,IODP,JOIDES Resolution
308,1321,A,IODP,JOIDES Resolution
308,1322,A,IODP,JOIDES Resolution
308,1322,B,IODP,JOIDES Resolution
308,1322,C,IODP,JOIDES Resolution
308,1322,D,IODP,JOIDES Resolution
308,1323,A,IODP,JOIDES Resolution
308,1324,A,IODP,JOIDES Resolution
308,1324,B,IODP,JOIDES Resolution
308,1324,C,IODP,JOIDES Resolution
309,1256,D,IODP,JOIDES Resolution
310,M0005,A,IODP,MSP
310,M0005,B,IODP,MSP
310,M0005,C,IODP,MSP
310,M0005,D,IODP,MSP
310,M0005,E,IODP,MSP
310,M0006,A,IODP,MSP
310,M0007,A,IODP,MSP
310,M0007,B,IODP,MSP
310,M0007,C,IODP,MSP
310,M0008,A,IODP,MSP
310,M0009,A,IODP,MSP
310,M0009,B,IODP,MSP
310,M0009,C,IODP,MSP
310,M0009,D,IODP,MSP
310,M0009,E,IODP,MSP
310,M0010,A,IODP,MSP
310,M0011,A,IODP,MSP
310,M0012,A,IODP,MSP
310,M0013,A,IODP,MSP
310,M0014,A,IODP,MSP
310,M0015,A,IODP,MSP
310,M0015,B,IODP,MSP
310,M0016,A,IODP,MSP
310,M0016,B,IODP,MSP
310,M0017,A,IODP,MSP
310,M0018,A,IODP,MSP
310,M0019,A,IODP,MSP
310,M0020,A,IODP,MSP
310,M0021,A,IODP,MSP
310,M0021,B,IODP,MSP
310,M0022,A,IODP,MSP
310,M0023,A,IODP,MSP
310,M0023,B,IODP,MSP
310,M0024,A,IODP,MSP
310,M0025,A,IODP,MSP
310,M0025,B,IODP,MSP
310,M0026,A,IODP,MSP
311,1325,A,IODP,JOIDES Resolution
311,1325,B,IODP,JOIDES Resolution
311,1325,C,IODP,JOIDES Resolution
311,1325,D,IODP,JOIDES Resolution
311,1326,A,IODP,JOIDES Resolution
311,1326,B,IODP,JOIDES Resolution
311,1326,C,IODP,JOIDES Resolution
311,1326,D,IODP,JOIDES Resolution
311,1327,A,IODP,JOIDES Resolution
311,1327,B,IODP,JOIDES Resolution
311,1327,C,IODP,JOIDES Resolution
311,1327,D,IODP,JOIDES Resolution
311,1327,E,IODP,JOIDES Resolution
311,1328,A,IODP,JOIDES Resolution
311,1328,B,IODP,JOIDES Resolution
311,1328,C,IODP,JOIDES Resolution
311,1328,D,IODP,JOIDES Resolution
311,1328,E,IODP,JOIDES Resolution
311,1329,A,IODP,JOIDES Resolution
311,1329,B,IODP,JOIDES Resolution
311,1329,C,IODP,JOIDES Resolution
311,1329,D,IODP,JOIDES Resolution
311,1329,E,IODP,JOIDES Resolution
312,1256,D,IODP,JOIDES Resolution
313,M0027,A,IODP,MSP
313,M0028,A,IODP,MSP
313,M0029,A,IODP,MSP
314,C0001,A,IODP,Chikyu
314,C0001,B,IODP,Chikyu
314,C0001,C,IODP,Chikyu
314,C0001,D,IODP,Chikyu
314,C0002,A,IODP,Chikyu
314,C0003,A,IODP,Chikyu
314,C0004,A,IODP,Chikyu
314,C0004,B,IODP,Chikyu
314,C0005,A,IODP,Chikyu
314,C0005,B,IODP,Chikyu
314,C0006,A,IODP,Chikyu
314,C0006,B,IODP,Chikyu
315,C0001,E,IODP,Chikyu
315,C0001,F,IODP,Chikyu
315,C0001,G,IODP,Chikyu
315,C0001,H,IODP,Chikyu
315,C0001,I,IODP,Chikyu
315,C0002,B,IODP,Chikyu
315,C0002,C,IODP,Chikyu
315,C0002,D,IODP,Chikyu
316,C0004,C,IODP,Chikyu
316,C0004,D,IODP,Chikyu
316,C0006,C,IODP,Chikyu
316,C0006,D,IODP,Chikyu
316,C0006,E,IODP,Chikyu
316,C0006,F,IODP,Chikyu
316,C0007,A,IODP,Chikyu
316,C0007,B,IODP,Chikyu
316,C0007,C,IODP,Chikyu
316,C0007,D,IODP,Chikyu
316,C0008,A,IODP,Chikyu
316,C0008,B,IODP,Chikyu
316,C0008,C,IODP,Chikyu
317,U1351,A,IODP,JOIDES Resolution
317,U1351,B,IODP,JOIDES Resolution
317,U1351,C,IODP,JOIDES Resolution
317,U1352,A,IODP,JOIDES Resolution
317,U1352,B,IODP,JOIDES Resolution
317,U1352,C,IODP,JOIDES Resolution
317,U1352,D,IODP,JOIDES Resolution
317,U1353,A,IODP,JOIDES Resolution
317,U1353,B,IODP,JOIDES Resolution
317,U1353,C,IODP,JOIDES Resolution
317,U1354,A,IODP,JOIDES Resolution
317,U1354,B,IODP,JOIDES Resolution
317,U1354,C,IODP,JOIDES Resolution
318,U1355,A,IODP,JOIDES Resolution
318,U1356,A,IODP,JOIDES Resolution
318,U1357,A,IODP,JOIDES Resolution
318,U1357,B,IODP,JOIDES Resolution
318,U1357,C,IODP,JOIDES Resolution
318,U1358,A,IODP,JOIDES Resolution
318,U1358,B,IODP,JOIDES Resolution
318,U1359,A,IODP,JOIDES Resolution
318,U1359,B,IODP,JOIDES Resolution
318,U1359,C,IODP,JOIDES Resolution
318,U1359,D,IODP,JOIDES Resolution
318,U1360,A,IODP,JOIDES Resolution
318,U1361,A,IODP,JOIDES Resolution
318,U1361,B,IODP,JOIDES Resolution
319,C0009,A,IODP,Chikyu
319,C0010,A,IODP,Chikyu
319,C0011,A,IODP,Chikyu
320,U1331,A,IODP,JOIDES Resolution
320,U1331,B,IODP,JOIDES Resolution
320,U1331,C,IODP,JOIDES Resolution
320,U1332,A,IODP,JOIDES Resolution
320,U1332,B,IODP,JOIDES Resolution
320,U1332,C,IODP,JOIDES Resolution
320,U1333,A,IODP,JOIDES Resolution
320,U1333,B,IODP,JOIDES Resolution
320,U1333,C,IODP,JOIDES Resolution
320,U1334,A,IODP,JOIDES Resolution
320,U1334,B,IODP,JOIDES Resolution
320,U1334,C,IODP,JOIDES Resolution
320,U1335,A,IODP,JOIDES Resolution
320,U1335,B,IODP,JOIDES Resolution
320,U1336,A,IODP,JOIDES Resolution
320,U1336,B,IODP,JOIDES Resolution
321,U1337,A,IODP,JOIDES Resolution
321,U1337,B,IODP,JOIDES Resolution
321,U1337,C,IODP,JOIDES Resolution
321,U1337,D,IODP,JOIDES Resolution
321,U1338,A,IODP,JOIDES Resolution
321,U1338,B,IODP,JOIDES Resolution
321,U1338,C,IODP,JOIDES Resolution
321,U1338,D,IODP,JOIDES Resolution
322,C0011,B,IODP,Chikyu
322,C0012,A,IODP,Chikyu
322,C0012,B,IODP,Chikyu
323,U1339,A,IODP,JOIDES Resolution
323,U1339,B,IODP,JOIDES Resolution
323,U1339,C,IODP,JOIDES Resolution
323,U1339,D,IODP,JOIDES Resolution
323,U1340,A,IODP,JOIDES Resolution
323,U1340,B,IODP,JOIDES Resolution
323,U1340,C,IODP,JOIDES Resolution
323,U1340,D,IODP,JOIDES Resolution
323,U1341,A,IODP,JOIDES Resolution
323,U1341,B,IODP,JOIDES Resolution
323,U1341,C,IODP,JOIDES Resolution
323,U1342,A,IODP,JOIDES Resolution
323,U1342,B,IODP,JOIDES Resolution
323,U1342,C,IODP,JOIDES Resolution
323,U1342,D,IODP,JOIDES Resolution
323,U1343,A,IODP,JOIDES Resolution
323,U1343,B,IODP,JOIDES Resolution
323,U1343,C,IODP,JOIDES Resolution
323,U1343,D,IODP,JOIDES Resolution
323,U1343,E,IODP,JOIDES Resolution
323,U1344,A,IODP,JOIDES Resolution
323,U1344,B,IODP,JOIDES Resolution
323,U1344,C,IODP,JOIDES Resolution
323,U1344,D,IODP,JOIDES Resolution
323,U1344,E,IODP,JOIDES Resolution
323,U1345,A,IODP,JOIDES Resolution
323,U1345,B,IODP,JOIDES Resolution
323,U1345,C,IODP,JOIDES Resolution
323,U1345,D,IODP,JOIDES Resolution
323,U1345,E,IODP,JOIDES Resolution
324,U1346,A,IODP,JOIDES Resolution
324,U1347,A,IODP,JOIDES Resolution
324,U1348,A,IODP,JOIDES Resolution
324,U1349,A,IODP,JOIDES Resolution
324,U1350,A,IODP,JOIDES Resolution
325,M0030,A,IODP,MSP
325,M0030,B,IODP,MSP
325,M0031,A,IODP,MSP
325,M0032,A,IODP,MSP
325,M0033,A,IODP,MSP
325,M0034,A,IODP,MSP
325,M0035,A,IODP,MSP
325,M0036,A,IODP,MSP
325,M0037,A,IODP,MSP
325,M0038,A,IODP,MSP
325,M0039,A,IODP,MSP
325,M0040,A,IODP,MSP
325,M0041,A,IODP,MSP
325,M0042,A,IODP,MSP
325,M0043,A,IODP,MSP
325,M0044,A,IODP,MSP
325,M0045,A,IODP,MSP
325,M0046,A,IODP,MSP
325,M0047,A,IODP,MSP
325,M0048,A,IODP,MSP
325,M0049,A,IODP,MSP
325,M0049,B,IODP,MSP
325,M0050,A,IODP,MSP
325,M0051,A,IODP,MSP
325,M0052,A,IODP,MSP
325,M0052,B,IODP,MSP
325,M0052,C,IODP,MSP
325,M0053,A,IODP,MSP
325,M0054,A,IODP,MSP
325,M0054,B,IODP,MSP
325,M0055,A,IODP,MSP
325,M0056,A,IODP,MSP
325,M0057,A,IODP,MSP
325,M0058,A,IODP,MSP
326,C0002,F,IODP,Chikyu
327,U1362,A,IODP,JOIDES Resolution
327,U1362,B,IODP,JOIDES Resolution
327,U1363,A,IODP,JOIDES Resolution
327,U1363,B,IODP,JOIDES Resolution
327,U1363,C,IODP,JOIDES Resolution
327,U1363,D,IODP,JOIDES Resolution
327,U1363,E,IODP,JOIDES Resolution
327,U1363,F,IODP,JOIDES Resolution
327,U1363,G,IODP,JOIDES Resolution
328,U1364,A,IODP,JOIDES Resolution
329,U1365,A,IODP,JOIDES Resolution
329,U1365,B,IODP,JOIDES Resolution
329,U1365,C,IODP,JOIDES Resolution
329,U1365,D,IODP,JOIDES Resolution
329,U1365,E,IODP,JOIDES Resolution
329,U1366,A,IODP,JOIDES Resolution
329,U1366,B,IODP,JOIDES Resolution
329,U1366,C,IODP,JOIDES Resolution
329,U1366,D,IODP,JOIDES Resolution
329,U1366,E,IODP,JOIDES Resolution
329,U1366,F,IODP,JOIDES Resolution
329,U1367,A,IODP,JOIDES Resolution
329,U1367,B,IODP,JOIDES Resolution
329,U1367,C,IODP,JOIDES Resolution
329,U1367,D,IODP,JOIDES Resolution
329,U1367,E,IODP,JOIDES Resolution
329,U1367,F,IODP,JOIDES Resolution
329,U1368,A,IODP,JOIDES Resolution
329,U1368,B,IODP,JOIDES Resolution
329,U1368,C,IODP,JOIDES Resolution
329,U1368,D,IODP,JOIDES Resolution
329,U1368,E,IODP,JOIDES Resolution
329,U1368,F,IODP,JOIDES Resolution
329,U1369,A,IODP,JOIDES Resolution
329,U1369,B,IODP,JOIDES Resolution
329,U1369,C,IODP,JOIDES Resolution
329,U1369,D,IODP,JOIDES Resolution
329,U1369,E,IODP,JOIDES Resolution
329,U1370,A,IODP,JOIDES Resolution
329,U1370,B,IODP,JOIDES Resolution
329,U1370,C,IODP,JOIDES Resolution
329,U1370,D,IODP,JOIDES Resolution
329,U1370,E,IODP,JOIDES Resolution
329,U1370,F,IODP,JOIDES Resolution
329,U1371,A,IODP,JOIDES Resolution
329,U1371,B,IODP,JOIDES Resolution
329,U1371,C,IODP,JOIDES Resolution
329,U1371,D,IODP,JOIDES Resolution
329,U1371,E,IODP,JOIDES Resolution
329,U1371,F,IODP,JOIDES Resolution
329,U1371,G,IODP,JOIDES Resolution
329,U1371,H,IODP,JOIDES Resolution
330,U1372,A,IODP,JOIDES Resolution
330,U1373,A,IODP,JOIDES Resolution
330,U1374,A,IODP,JOIDES Resolution
330,U1375,A,IODP,JOIDES Resolution
330,U1375,B,IODP,JOIDES Resolution
330,U1376,A,IODP,JOIDES Resolution
330,U1377,A,IODP,JOIDES Resolution
330,U1377,B,IODP,JOIDES Resolution
331,C0013,A,IODP,Chikyu
331,C0013,B,IODP,Chikyu
331,C0013,C,IODP,Chikyu
331,C0013,D,IODP,Chikyu
331,C0013,E,IODP,Chikyu
331,C0013,F,IODP,Chikyu
331,C0013,G,IODP,Chikyu
331,C0013,H,IODP,Chikyu
331,C0014,A,IODP,Chikyu
331,C0014,B,IODP,Chikyu
331,C0014,C,IODP,Chikyu
331,C0014,D,IODP,Chikyu
331,C0014,E,IODP,Chikyu
331,C0014,F,IODP,Chikyu
331,C0014,G,IODP,Chikyu
331,C0015,A,IODP,Chikyu
331,C0015,B,IODP,Chikyu
331,C0015,C,IODP,Chikyu
331,C0016,A,IODP,Chikyu
331,C0016,B,IODP,Chikyu
331,C0017,A,IODP,Chikyu
331,C0017,B,IODP,Chikyu
331,C0017,C,IODP,Chikyu
331,C0017,D,IODP,Chikyu
332,C0002,G,IODP,Chikyu
332,C0010,A,IODP,Chikyu
333,C0011,C,IODP,Chikyu
333,C0011,D,IODP,Chikyu
333,C0011,E,IODP,Chikyu
333,C0012,C,IODP,Chikyu
333,C0012,D,IODP,Chikyu
333,C0012,E,IODP,Chikyu
333,C0012,F,IODP,Chikyu
333,C0012,G,IODP,Chikyu
333,C0018,A,IODP,Chikyu
334,U1378,A,IODP,JOIDES Resolution
334,U1378,B,IODP,JOIDES Resolution
334,U1379,A,IODP,JOIDES Resolution
334,U1379,B,IODP,JOIDES Resolution
334,U1379,C,IODP,JOIDES Resolution
334,U1380,A,IODP,JOIDES Resolution
334,U1381,A,IODP,JOIDES Resolution
334,U1381,B,IODP,JOIDES Resolution
335,U1256,D,IODP,JOIDES Resolution
336,U1382,A,IODP,JOIDES Resolution
336,U1382,B,IODP,JOIDES Resolution
336,U1383,A,IODP,JOIDES Resolution
336,U1383,B,IODP,JOIDES Resolution
336,U1383,C,IODP,JOIDES Resolution
336,U1383,D,IODP,JOIDES Resolution
336,U1383,E,IODP,JOIDES Resolution
336,U1384,A,IODP,JOIDES Resolution
336,U395,A,IODP,JOIDES Resolution
337,C0020,A,IODP,Chikyu
338,C0002,F,IODP,Chikyu
338,C0002,H,IODP,Chikyu
338,C0002,I,IODP,Chikyu
338,C0002,J,IODP,Chikyu
338,C0002,K,IODP,Chikyu
338,C0002,L,IODP,Chikyu
338,C0012,H,IODP,Chikyu
338,C0018,B,IODP,Chikyu
338,C0021,A,IODP,Chikyu
338,C0021,B,IODP,Chikyu
338,C0022,A,IODP,Chikyu
338,C0022,B,IODP,Chikyu
339,U1385,A,IODP,JOIDES Resolution
339,U1385,B,IODP,JOIDES Resolution
339,U1385,C,IODP,JOIDES Resolution
339,U1385,D,IODP,JOIDES Resolution
339,U1385,E,IODP,JOIDES Resolution
339,U1386,A,IODP,JOIDES Resolution
339,U1386,B,IODP,JOIDES Resolution
339,U1386,C,IODP,JOIDES Resolution
339,U1387,A,IODP,JOIDES Resolution
339,U1387,B,IODP,JOIDES Resolution
339,U1387,C,IODP,JOIDES Resolution
339,U1388,A,IODP,JOIDES Resolution
339,U1388,B,IODP,JOIDES Resolution
339,U1388,C,IODP,JOIDES Resolution
339,U1389,A,IODP,JOIDES Resolution
339,U1389,B,IODP,JOIDES Resolution
339,U1389,C,IODP,JOIDES Resolution
339,U1389,D,IODP,JOIDES Resolution
339,U1389,E,IODP,JOIDES Resolution
339,U1390,A,IODP,JOIDES Resolution
339,U1390,B,IODP,JOIDES Resolution
339,U1390,C,IODP,JOIDES Resolution
339,U1391,A,IODP,JOIDES Resolution
339,U1391,B,IODP,JOIDES Resolution
339,U1391,C,IODP,JOIDES Resolution
340,U1393,A,IODP,JOIDES Resolution
340,U1394,A,IODP,JOIDES Resolution
340,U1394,B,IODP,JOIDES Resolution
340,U1395,A,IODP,JOIDES Resolution
340,U1395,B,IODP,JOIDES Resolution
340,U1396,A,IODP,JOIDES Resolution
340,U1396,B,IODP,JOIDES Resolution
340,U1396,C,IODP,JOIDES Resolution
340,U1397,A,IODP,JOIDES Resolution
340,U1397,B,IODP,JOIDES Resolution
340,U1398,A,IODP,JOIDES Resolution
340,U1398,B,IODP,JOIDES Resolution
340,U1399,A,IODP,JOIDES Resolution
340,U1399,B,IODP,JOIDES Resolution
340,U1399,C,IODP,JOIDES Resolution
340,U1400,A,IODP,JOIDES Resolution
340,U1400,B,IODP,JOIDES Resolution
340,U1400,C,IODP,JOIDES Resolution
340,U1401,A,IODP,JOIDES Resolution
340,U1401,B,IODP,JOIDES Resolution
340,U1401,C,IODP,JOIDES Resolution
340,U1401,D,IODP,JOIDES Resolution
341,U1417,A,IODP,JOIDES Resolution
341,U1417,B,IODP,JOIDES Resolution
341,U1417,C,IODP,JOIDES Resolution
341,U1417,D,IODP,JOIDES Resolution
341,U1417,E,IODP,JOIDES Resolution
341,U1418,A,IODP,JOIDES Resolution
341,U1418,B,IODP,JOIDES Resolution
341,U1418,C,IODP,JOIDES Resolution
341,U1418,D,IODP,JOIDES Resolution
341,U1418,E,IODP,JOIDES Resolution
341,U1418,F,IODP,JOIDES Resolution
341,U1419,A,IODP,JOIDES Resolution
341,U1419,B,IODP,JOIDES Resolution
341,U1419,C,IODP,JOIDES Resolution
341,U1419,D,IODP,JOIDES Resolution
341,U1419,E,IODP,JOIDES Resolution
341,U1420,A,IODP,JOIDES Resolution
341,U1421,A,IODP,JOIDES Resolution
341,U1421,B,IODP,JOIDES Resolution
341,U1421,C,IODP,JOIDES Resolution
342,U1402,A,IODP,JOIDES Resolution
342,U1402,B,IODP,JOIDES Resolution
342,U1403,A,IODP,JOIDES Resolution
342,U1403,B,IODP,JOIDES Resolution
342,U1404,A,IODP,JOIDES Resolution
342,U1404,B,IODP,JOIDES Resolution
342,U1404,C,IODP,JOIDES Resolution
342,U1405,A,IODP,JOIDES Resolution
342,U1405,B,IODP,JOIDES Resolution
342,U1405,C,IODP,JOIDES Resolution
342,U1406,A,IODP,JOIDES Resolution
342,U1406,B,IODP,JOIDES Resolution
342,U1406,C,IODP,JOIDES Resolution
342,U1407,A,IODP,JOIDES Resolution
342,U1407,B,IODP,JOIDES Resolution
342,U1407,C,IODP,JOIDES Resolution
342,U1408,A,IODP,JOIDES Resolution
342,U1408,B,IODP,JOIDES Resolution
342,U1408,C,IODP,JOIDES Resolution
342,U1409,A,IODP,JOIDES Resolution
342,U1409,B,IODP,JOIDES Resolution
342,U1409,C,IODP,JOIDES Resolution
342,U1410,A,IODP,JOIDES Resolution
342,U1410,B,IODP,JOIDES Resolution
342,U1410,C,IODP,JOIDES Resolution
342,U1411,A,IODP,JOIDES Resolution
342,U1411,B,IODP,JOIDES Resolution
342,U1411,C,IODP,JOIDES Resolution
343,C0019,A,IODP,Chikyu
343,C0019,B,IODP,Chikyu
343,C0019,C,IODP,Chikyu
343,C0019,D,IODP,Chikyu
343,C0019,E,IODP,Chikyu
344,U1380,B,IODP,JOIDES Resolution
344,U1380,C,IODP,JOIDES Resolution
344,U1381,C,IODP,JOIDES Resolution
344,U1412,A,IODP,JOIDES Resolution
344,U1412,B,IODP,JOIDES Resolution
344,U1412,C,IODP,JOIDES Resolution
344,U1412,D,IODP,JOIDES Resolution
344,U1413,A,IODP,JOIDES Resolution
344,U1413,B,IODP,JOIDES Resolution
344,U1413,C,IODP,JOIDES Resolution
344,U1414,A,IODP,JOIDES Resolution
345,U1415,A,IODP,JOIDES Resolution
345,U1415,B,IODP,JOIDES Resolution
345,U1415,C,IODP,JOIDES Resolution
345,U1415,D,IODP,JOIDES Resolution
345,U1415,E,IODP,JOIDES Resolution
345,U1415,F,IODP,JOIDES Resolution
345,U1415,G,IODP,JOIDES Resolution
345,U1415,H,IODP,JOIDES Resolution
345,U1415,I,IODP,JOIDES Resolution
345,U1415,J,IODP,JOIDES Resolution
345,U1415,K,IODP,JOIDES Resolution
345,U1415,L,IODP,JOIDES Resolution
345,U1415,M,IODP,JOIDES Resolution
345,U1415,N,IODP,JOIDES Resolution
345,U1415,O,IODP,JOIDES Resolution
345,U1415,P,IODP,JOIDES Resolution
346,U1422,A,IODP,JOIDES Resolution
346,U1422,B,IODP,JOIDES Resolution
346,U1422,C,IODP,JOIDES Resolution
346,U1422,D,IODP,JOIDES Resolution
346,U1422,E,IODP,JOIDES Resolution
346,U1423,A,IODP,JOIDES Resolution
346,U1423,B,IODP,JOIDES Resolution
346,U1423,C,IODP,JOIDES Resolution
346,U1424,A,IODP,JOIDES Resolution
346,U1424,B,IODP,JOIDES Resolution
346,U1424,C,IODP,JOIDES Resolution
346,U1425,A,IODP,JOIDES Resolution
346,U1425,B,IODP,JOIDES Resolution
346,U1425,C,IODP,JOIDES Resolution
346,U1425,D,IODP,JOIDES Resolution
346,U1425,E,IODP,JOIDES Resolution
346,U1426,A,IODP,JOIDES Resolution
346,U1426,B,IODP,JOIDES Resolution
346,U1426,C,IODP,JOIDES Resolution
346,U1426,D,IODP,JOIDES Resolution
346,U1427,A,IODP,JOIDES Resolution
346,U1427,B,IODP,JOIDES Resolution
346,U1427,C,IODP,JOIDES Resolution
346,U1428,A,IODP,JOIDES Resolution
346,U1428,B,IODP,JOIDES Resolution
346,U1429,A,IODP,JOIDES Resolution
346,U1429,B,IODP,JOIDES Resolution
346,U1429,C,IODP,JOIDES Resolution
346,U1430,A,IODP,JOIDES Resolution
346,U1430,B,IODP,JOIDES Resolution
346,U1430,C,IODP,JOIDES Resolution
347,M0059,A,IODP,MSP
347,M0059,B,IODP,MSP
347,M0059,C,IODP,MSP
347,M0059,D,IODP,MSP
347,M0059,E,IODP,MSP
347,M0060,A,IODP,MSP
347,M0060,B,IODP,MSP
347,M0061,A,IODP,MSP
347,M0061,B,IODP,MSP
347,M0061,C,IODP,MSP
347,M0061,K,IODP,MSP
347,M0061,L,IODP,MSP
347,M0061,M,IODP,MSP
347,M0062,A,IODP,MSP
347,M0062,B,IODP,MSP
347,M0062,C,IODP,MSP
347,M0062,D,IODP,MSP
347,M0062,K,IODP,MSP
347,M0062,L,IODP,MSP
347,M0063,A,IODP,MSP
347,M0063,B,IODP,MSP
347,M0063,C,IODP,MSP
347,M0063,D,IODP,MSP
347,M0063,E,IODP,MSP
347,M0064,A,IODP,MSP
347,M0064,B,IODP,MSP
347,M0064,C,IODP,MSP
347,M0064,D,IODP,MSP
347,M0065,A,IODP,MSP
347,M0065,B,IODP,MSP
347,M0065,C,IODP,MSP
347,M0066,A,IODP,MSP
347,M0066,B,IODP,MSP
347,M0067,A,IODP,MSP
347,M0067,B,IODP,MSP
348,C0002,M,IODP,Chikyu
348,C0002,N,IODP,Chikyu
348,C0002,P,IODP,Chikyu
349,U1431,A,IODP,JOIDES Resolution
349,U1431,B,IODP,JOIDES Resolution
349,U1431,C,IODP,JOIDES Resolution
349,U1431,D,IODP,JOIDES Resolution
349,U1431,E,IODP,JOIDES Resolution
349,U1432,A,IODP,JOIDES Resolution
349,U1432,B,IODP,JOIDES Resolution
349,U1432,C,IODP,JOIDES Resolution
349,U1433,A,IODP,JOIDES Resolution
349,U1433,B,IODP,JOIDES Resolution
349,U1434,A,IODP,JOIDES Resolution
349,U1435,A,IODP,JOIDES Resolution
350,U1436,A,IODP,JOIDES Resolution
350,U1436,B,IODP,JOIDES Resolution
350,U1436,C,IODP,JOIDES Resolution
350,U1436,D,IODP,JOIDES Resolution
350,U1437,A,IODP,JOIDES Resolution
350,U1437,B,IODP,JOIDES Resolution
350,U1437,C,IODP,JOIDES Resolution
350,U1437,D,IODP,JOIDES Resolution
350,U1437,E,IODP,JOIDES Resolution
351,U1438,A,IODP,JOIDES Resolution
351,U1438,B,IODP,JOIDES Resolution
351,U1438,C,IODP,JOIDES Resolution
351,U1438,D,IODP,JOIDES Resolution
351,U1438,E,IODP,JOIDES Resolution
351,U1438,F,IODP,JOIDES Resolution
352,U1439,A,IODP,JOIDES Resolution
352,U1439,B,IODP,JOIDES Resolution
352,U1439,C,IODP,JOIDES Resolution
352,U1440,A,IODP,JOIDES Resolution
352,U1440,B,IODP,JOIDES Resolution
352,U1441,A,IODP,JOIDES Resolution
352,U1442,A,IODP,JOIDES Resolution
353,U1443,A,IODP,JOIDES Resolution
353,U1443,B,IODP,JOIDES Resolution
353,U1443,C,IODP,JOIDES Resolution
353,U1443,D,IODP,JOIDES Resolution
353,U1444,A,IODP,JOIDES Resolution
353,U1444,B,IODP,JOIDES Resolution
353,U1445,A,IODP,JOIDES Resolution
353,U1445,B,IODP,JOIDES Resolution
353,U1445,C,IODP,JOIDES Resolution
353,U1446,A,IODP,JOIDES Resolution
353,U1446,B,IODP,JOIDES Resolution
353,U1446,C,IODP,JOIDES Resolution
353,U1447,A,IODP,JOIDES Resolution
353,U1447,B,IODP,JOIDES Resolution
353,U1447,C,IODP,JOIDES Resolution
353,U1448,A,IODP,JOIDES Resolution
353,U1448,B,IODP,JOIDES Resolution
353,U1448,C,IODP,JOIDES Resolution
354,U1449,A,IODP,JOIDES Resolution
354,U1449,B,IODP,JOIDES Resolution
354,U1450,A,IODP,JOIDES Resolution
354,U1450,B,IODP,JOIDES Resolution
354,U1451,A,IODP,JOIDES Resolution
354,U1451,B,IODP,JOIDES Resolution
354,U1452,A,IODP,JOIDES Resolution
354,U1452,B,IODP,JOIDES Resolution
354,U1452,C,IODP,JOIDES Resolution
354,U1453,A,IODP,JOIDES Resolution
354,U1454,A,IODP,JOIDES Resolution
354,U1454,B,IODP,JOIDES Resolution
354,U1454,C,IODP,JOIDES Resolution
354,U1454,D,IODP,JOIDES Resolution
354,U1455,A,IODP,JOIDES Resolution
354,U1455,B,IODP,JOIDES Resolution
354,U1455,C,IODP,JOIDES Resolution
355,U1456,A,IODP,JOIDES Resolution
355,U1456,B,IODP,JOIDES Resolution
355,U1456,C,IODP,JOIDES Resolution
355,U1456,D,IODP,JOIDES Resolution
355,U1456,E,IODP,JOIDES Resolution
355,U1457,A,IODP,JOIDES Resolution
355,U1457,B,IODP,JOIDES Resolution
355,U1457,C,IODP,JOIDES Resolution
356,U1458,A,IODP,JOIDES Resolution
356,U1459,A,IODP,JOIDES Resolution
356,U1459,B,IODP,JOIDES Resolution
356,U1459,C,IODP,JOIDES Resolution
356,U1460,A,IODP,JOIDES Resolution
356,U1460,B,IODP,JOIDES Resolution
356,U1461,A,IODP,JOIDES Resolution
356,U1461,B,IODP,JOIDES Resolution
356,U1461,C,IODP,JOIDES Resolution
356,U1461,D,IODP,JOIDES Resolution
356,U1462,A,IODP,JOIDES Resolution
356,U1462,B,IODP,JOIDES Resolution
356,U1462,C,IODP,JOIDES Resolution
356,U1463,A,IODP,JOIDES Resolution
356,U1463,B,IODP,JOIDES Resolution
356,U1463,C,IODP,JOIDES Resolution
356,U1463,D,IODP,JOIDES Resolution
356,U1464,A,IODP,JOIDES Resolution
356,U1464,B,IODP,JOIDES Resolution
356,U1464,C,IODP,JOIDES Resolution
356,U1464,D,IODP,JOIDES Resolution
357,M0068,A,IODP,MSP
357,M0068,B,IODP,MSP
357,M0069,A,IODP,MSP
357,M0070,A,IODP,MSP
357,M0070,B,IODP,MSP
357,M0070,C,IODP,MSP
357,M0071,A,IODP,MSP
357,M0071,B,IODP,MSP
357,M0071,C,IODP,MSP
357,M0072,A,IODP,MSP
357,M0072,B,IODP,MSP
357,M0072,X,IODP,MSP
357,M0072,Z,IODP,MSP
357,M0073,A,IODP,MSP
357,M0074,A,IODP,MSP
357,M0075,A,IODP,MSP
357,M0075,B,IODP,MSP
357,M0075,X,IODP,MSP
357,M0076,A,IODP,MSP
357,M0076,B,IODP,MSP
358,C0002,Q,IODP,Chikyu
358,C0002,R,IODP,Chikyu
358,C0002,S,IODP,Chikyu
358,C0002,T,IODP,Chikyu
358,C0024,A,IODP,Chikyu
358,C0024,B,IODP,Chikyu
358,C0024,C,IODP,Chikyu
358,C0024,D,IODP,Chikyu
358,C0024,E,IODP,Chikyu
358,C0024,F,IODP,Chikyu
358,C0024,G,IODP,Chikyu
358,C0025,A,IODP,Chikyu
359,U1465,A,IODP,JOIDES Resolution
359,U1465,B,IODP,JOIDES Resolution
359,U1465,C,IODP,JOIDES Resolution
359,U1466,A,IODP,JOIDES Resolution
359,U1466,B,IODP,JOIDES Resolution
359,U1467,A,IODP,JOIDES Resolution
359,U1467,B,IODP,JOIDES Resolution
359,U1467,C,IODP,JOIDES Resolution
359,U1467,D,IODP,JOIDES Resolution
359,U1467,E,IODP,JOIDES Resolution
359,U1468,A,IODP,JOIDES Resolution
359,U1468,B,IODP,JOIDES Resolution
359,U1469,A,IODP,JOIDES Resolution
359,U1469,B,IODP,JOIDES Resolution
359,U1470,A,IODP,JOIDES Resolution
359,U1470,B,IODP,JOIDES Resolution
359,U1471,A,IODP,JOIDES Resolution
359,U1471,B,IODP,JOIDES Resolution
359,U1471,C,IODP,JOIDES Resolution
359,U1471,D,IODP,JOIDES Resolution
359,U1471,E,IODP,JOIDES Resolution
359,U1472,A,IODP,JOIDES Resolution
360,U1473,A,IODP,JOIDES Resolution
361,U1474,A,IODP,JOIDES Resolution
361,U1474,B,IODP,JOIDES Resolution
361,U1474,C,IODP,JOIDES Resolution
361,U1474,D,IODP,JOIDES Resolution
361,U1474,E,IODP,JOIDES Resolution
361,U1474,F,IODP,JOIDES Resolution
361,U1474,G,IODP,JOIDES Resolution
361,U1474,H,IODP,JOIDES Resolution
361,U1475,A,IODP,JOIDES Resolution
361,U1475,B,IODP,JOIDES Resolution
361,U1475,C,IODP,JOIDES Resolution
361,U1475,D,IODP,JOIDES Resolution
361,U1475,E,IODP,JOIDES Resolution
361,U1475,F,IODP,JOIDES Resolution
361,U1476,A,IODP,JOIDES Resolution
361,U1476,B,IODP,JOIDES Resolution
361,U1476,C,IODP,JOIDES Resolution
361,U1476,D,IODP,JOIDES Resolution
361,U1476,E,IODP,JOIDES Resolution
361,U1477,A,IODP,JOIDES Resolution
361,U1477,B,IODP,JOIDES Resolution
361,U1477,C,IODP,JOIDES Resolution
361,U1478,A,IODP,JOIDES Resolution
361,U1478,B,IODP,JOIDES Resolution
361,U1478,C,IODP,JOIDES Resolution
361,U1478,D,IODP,JOIDES Resolution
361,U1479,A,IODP,JOIDES Resolution
361,U1479,B,IODP,JOIDES Resolution
361,U1479,C,IODP,JOIDES Resolution
361,U1479,D,IODP,JOIDES Resolution
361,U1479,E,IODP,JOIDES Resolution
361,U1479,F,IODP,JOIDES Resolution
361,U1479,G,IODP,JOIDES Resolution
361,U1479,H,IODP,JOIDES Resolution
361,U1479,I,IODP,JOIDES Resolution
362,U1480,A,IODP,JOIDES Resolution
362,U1480,B,IODP,JOIDES Resolution
362,U1480,C,IODP,JOIDES Resolution
362,U1480,D,IODP,JOIDES Resolution
362,U1480,E,IODP,JOIDES Resolution
362,U1480,F,IODP,JOIDES Resolution
362,U1480,G,IODP,JOIDES Resolution
362,U1480,H,IODP,JOIDES Resolution
362,U1481,A,IODP,JOIDES Resolution
363,U1482,A,IODP,JOIDES Resolution
363,U1482,B,IODP,JOIDES Resolution
363,U1482,C,IODP,JOIDES Resolution
363,U1482,D,IODP,JOIDES Resolution
363,U1483,A,IODP,JOIDES Resolution
363,U1483,B,IODP,JOIDES Resolution
363,U1483,C,IODP,JOIDES Resolution
363,U1484,A,IODP,JOIDES Resolution
363,U1484,B,IODP,JOIDES Resolution
363,U1484,C,IODP,JOIDES Resolution
363,U1485,A,IODP,JOIDES Resolution
363,U1485,B,IODP,JOIDES Resolution
363,U1485,C,IODP,JOIDES Resolution
363,U1485,D,IODP,JOIDES Resolution
363,U1486,A,IODP,JOIDES Resolution
363,U1486,B,IODP,JOIDES Resolution
363,U1486,C,IODP,JOIDES Resolution
363,U1486,D,IODP,JOIDES Resolution
363,U1487,A,IODP,JOIDES Resolution
363,U1487,B,IODP,JOIDES Resolution
363,U1488,A,IODP,JOIDES Resolution
363,U1488,B,IODP,JOIDES Resolution
363,U1488,C,IODP,JOIDES Resolution
363,U1489,A,IODP,JOIDES Resolution
363,U1489,B,IODP,JOIDES Resolution
363,U1489,C,IODP,JOIDES Resolution
363,U1489,D,IODP,JOIDES Resolution
363,U1490,A,IODP,JOIDES Resolution
363,U1490,B,IODP,JOIDES Resolution
363,U1490,C,IODP,JOIDES Resolution
364,M0077,A,IODP,MSP
365,C0010,A,IODP,Chikyu
365,C0010,B,IODP,Chikyu
365,C0010,C,IODP,Chikyu
365,C0010,D,IODP,Chikyu
365,C0010,E,IODP,Chikyu
366,1200,C,IODP,JOIDES Resolution
366,U1491,A,IODP,JOIDES Resolution
366,U1491,B,IODP,JOIDES Resolution
366,U1491,C,IODP,JOIDES Resolution
366,U1492,A,IODP,JOIDES Resolution
366,U1492,B,IODP,JOIDES Resolution
366,U1492,C,IODP,JOIDES Resolution
366,U1492,D,IODP,JOIDES Resolution
366,U1493,A,IODP,JOIDES Resolution
366,U1493,B,IODP,JOIDES Resolution
366,U1494,A,IODP,JOIDES Resolution
366,U1495,A,IODP,JOIDES Resolution
366,U1495,B,IODP,JOIDES Resolution
366,U1496,A,IODP,JOIDES Resolution
366,U1496,B,IODP,JOIDES Resolution
366,U1496,C,IODP,JOIDES Resolution
366,U1497,A,IODP,JOIDES Resolution
366,U1497,B,IODP,JOIDES Resolution
366,U1497,C,IODP,JOIDES Resolution
366,U1497,D,IODP,JOIDES Resolution
366,U1498,A,IODP,JOIDES Resolution
366,U1498,B,IODP,JOIDES Resolution
367,U1499,A,IODP,JOIDES Resolution
367,U1499,B,IODP,JOIDES Resolution
367,U1500,A,IODP,JOIDES Resolution
367,U1500,B,IODP,JOIDES Resolution
368,U1501,A,IODP,JOIDES Resolution
368,U1501,B,IODP,JOIDES Resolution
368,U1501,C,IODP,JOIDES Resolution
368,U1501,D,IODP,JOIDES Resolution
368,U1502,A,IODP,JOIDES Resolution
368,U1502,B,IODP,JOIDES Resolution
368,U1503,A,IODP,JOIDES Resolution
368,U1504,A,IODP,JOIDES Resolution
368,U1504,B,IODP,JOIDES Resolution
368,U1505,A,IODP,JOIDES Resolution
368,U1505,B,IODP,JOIDES Resolution
368,U1505,C,IODP,JOIDES Resolution
368,U1505,D,IODP,JOIDES Resolution
369,U1512,A,IODP,JOIDES Resolution
369,U1513,A,IODP,JOIDES Resolution
369,U1513,B,IODP,JOIDES Resolution
369,U1513,C,IODP,JOIDES Resolution
369,U1513,D,IODP,JOIDES Resolution
369,U1513,E,IODP,JOIDES Resolution
369,U1514,A,IODP,JOIDES Resolution
369,U1514,B,IODP,JOIDES Resolution
369,U1514,C,IODP,JOIDES Resolution
369,U1515,A,IODP,JOIDES Resolution
369,U1516,A,IODP,JOIDES Resolution
369,U1516,B,IODP,JOIDES Resolution
369,U1516,C,IODP,JOIDES Resolution
369,U1516,D,IODP,JOIDES Resolution
370,C0023,A,IODP,Chikyu
371,U1506,A,IODP,JOIDES Resolution
371,U1507,A,IODP,JOIDES Resolution
371,U1507,B,IODP,JOIDES Resolution
371,U1508,A,IODP,JOIDES Resolution
371,U1508,B,IODP,JOIDES Resolution
371,U1508,C,IODP,JOIDES Resolution
371,U1509,A,IODP,JOIDES Resolution
371,U1510,A,IODP,JOIDES Resolution
371,U1510,B,IODP,JOIDES Resolution
371,U1511,A,IODP,JOIDES Resolution
371,U1511,B,IODP,JOIDES Resolution
372,U1517,A,IODP,JOIDES Resolution
372,U1517,B,IODP,JOIDES Resolution
372,U1517,C,IODP,JOIDES Resolution
372,U1517,D,IODP,JOIDES Resolution
372,U1518,A,IODP,JOIDES Resolution
372,U1518,B,IODP,JOIDES Resolution
372,U1519,A,IODP,JOIDES Resolution
372,U1520,A,IODP,JOIDES Resolution
372,U1520,B,IODP,JOIDES Resolution
374,U1521,A,IODP,JOIDES Resolution
374,U1522,A,IODP,JOIDES Resolution
374,U1523,A,IODP,JOIDES Resolution
374,U1523,B,IODP,JOIDES Resolution
374,U1523,C,IODP,JOIDES Resolution
374,U1523,D,IODP,JOIDES Resolution
374,U1523,E,IODP,JOIDES Resolution
374,U1524,A,IODP,JOIDES Resolution
374,U1524,B,IODP,JOIDES Resolution
374,U1524,C,IODP,JOIDES Resolution
374,U1525,A,IODP,JOIDES Resolution
375,U1518,C,IODP,JOIDES Resolution
375,U1518,D,IODP,JOIDES Resolution
375,U1518,E,IODP,JOIDES Resolution
375,U1518,F,IODP,JOIDES Resolution
375,U1518,G,IODP,JOIDES Resolution
375,U1518,H,IODP,JOIDES Resolution
375,U1519,B,IODP,JOIDES Resolution
375,U1519,C,IODP,JOIDES Resolution
375,U1519,D,IODP,JOIDES Resolution
375,U1519,E,IODP,JOIDES Resolution
375,U1520,C,IODP,JOIDES Resolution
375,U1520,D,IODP,JOIDES Resolution
375,U1526,A,IODP,JOIDES Resolution
375,U1526,B,IODP,JOIDES Resolution
376,U1527,A,IODP,JOIDES Resolution
376,U1527,B,IODP,JOIDES Resolution
376,U1527,C,IODP,JOIDES Resolution
376,U1528,A,IODP,JOIDES Resolution
376,U1528,B,IODP,JOIDES Resolution
376,U1528,C,IODP,JOIDES Resolution
376,U1528,D,IODP,JOIDES Resolution
376,U1529,A,IODP,JOIDES Resolution
376,U1529,B,IODP,JOIDES Resolution
376,U1530,A,IODP,JOIDES Resolution
376,U1531,A,IODP,JOIDES Resolution
376,U1531,B,IODP,JOIDES Resolution
376,U1531,C,IODP,JOIDES Resolution
376,U1531,D,IODP,JOIDES Resolution
376,U1531,E,IODP,JOIDES Resolution
378,U1553,A,IODP,JOIDES Resolution
378,U1553,B,IODP,JOIDES Resolution
378,U1553,C,IODP,JOIDES Resolution
378,U1553,D,IODP,JOIDES Resolution
378,U1553,E,IODP,JOIDES Resolution
379,U1532,A,IODP,JOIDES Resolution
379,U1532,B,IODP,JOIDES Resolution
379,U1532,C,IODP,JOIDES Resolution
379,U1532,D,IODP,JOIDES Resolution
379,U1532,E,IODP,JOIDES Resolution
379,U1532,F,IODP,JOIDES Resolution
379,U1532,G,IODP,JOIDES Resolution
379,U1533,A,IODP,JOIDES Resolution
379,U1533,B,IODP,JOIDES Resolution
379,U1533,C,IODP,JOIDES Resolution
379,U1533,D,IODP,JOIDES Resolution
381,M0078,A,IODP,MSP
381,M0078,B,IODP,MSP
381,M0079,A,IODP,MSP
381,M0080,A,IODP,MSP
382,U1534,A,IODP,JOIDES Resolution
382,U1534,B,IODP,JOIDES Resolution
382,U1534,C,IODP,JOIDES Resolution
382,U1534,D,IODP,JOIDES Resolution
382,U1535,A,IODP,JOIDES Resolution
382,U1536,A,IODP,JOIDES Resolution
382,U1536,B,IODP,JOIDES Resolution
382,U1536,C,IODP,JOIDES Resolution
382,U1536,D,IODP,JOIDES Resolution
382,U1536,E,IODP,JOIDES Resolution
382,U1537,A,IODP,JOIDES Resolution
382,U1537,B,IODP,JOIDES Resolution
382,U1537,C,IODP,JOIDES Resolution
382,U1537,D,IODP,JOIDES Resolution
382,U1538,A,IODP,JOIDES Resolution
382,U1538,B,IODP,JOIDES Resolution
382,U1538,C,IODP,JOIDES Resolution
382,U1538,D,IODP,JOIDES Resolution
383,U1539,A,IODP,JOIDES Resolution
383,U1539,B,IODP,JOIDES Resolution
383,U1539,C,IODP,JOIDES Resolution
383,U1539,D,IODP,JOIDES Resolution
383,U1540,A,IODP,JOIDES Resolution
383,U1540,B,IODP,JOIDES Resolution
383,U1540,C,IODP,JOIDES Resolution
383,U1540,D,IODP,JOIDES Resolution
383,U1540,E,IODP,JOIDES Resolution
383,U1541,A,IODP,JOIDES Resolution
383,U1541,B,IODP,JOIDES Resolution
383,U1541,C,IODP,JOIDES Resolution
383,U1542,A,IODP,JOIDES Resolution
383,U1542,B,IODP,JOIDES Resolution
383,U1542,C,IODP,JOIDES Resolution
383,U1542,D,IODP,JOIDES Resolution
383,U1543,A,IODP,JOIDES Resolution
383,U1543,B,IODP,JOIDES Resolution
383,U1544,A,IODP,JOIDES Resolution
384,U1554,A,IODP,JOIDES Resolution
384,U1554,B,IODP,JOIDES Resolution
384,U1554,C,IODP,JOIDES Resolution
384,U1554,D,IODP,JOIDES Resolution
384,U1555,A,IODP,JOIDES Resolution
384,U1555,B,IODP,JOIDES Resolution
384,U1555,C,IODP,JOIDES Resolution
384,U1555,D,IODP,JOIDES Resolution
384,U1555,E,IODP,JOIDES Resolution
384,U1555,F,IODP,JOIDES Resolution
384,U1555,G,IODP,JOIDES Resolution
385,U1545,A,IODP,JOIDES Resolution
385,U1545,B,IODP,JOIDES Resolution
385,U1545,C,IODP,JOIDES Resolution
385,U1546,A,IODP,JOIDES Resolution
385,U1546,B,IODP,JOIDES Resolution
385,U1546,C,IODP,JOIDES Resolution
385,U1546,D,IODP,JOIDES Resolution
385,U1547,A,IODP,JOIDES Resolution
385,U1547,B,IODP,JOIDES Resolution
385,U1547,C,IODP,JOIDES Resolution
385,U1547,D,IODP,JOIDES Resolution
385,U1547,E,IODP,JOIDES Resolution
385,U1548,A,IODP,JOIDES Resolution
385,U1548,B,IODP,JOIDES Resolution
385,U1548,C,IODP,JOIDES Resolution
385,U1548,D,IODP,JOIDES Resolution
385,U1548,E,IODP,JOIDES Resolution
385,U1549,A,IODP,JOIDES Resolution
385,U1549,B,IODP,JOIDES Resolution
385,U1550,A,IODP,JOIDES Resolution
385,U1550,B,IODP,JOIDES Resolution
385,U1551,A,IODP,JOIDES Resolution
385,U1551,B,IODP,JOIDES Resolution
385,U1552,A,IODP,JOIDES Resolution
385,U1552,B,IODP,JOIDES Resolution
385,U1552,C,IODP,JOIDES Resolution
386,M0081,A,IODP,MSP
386,M0081,B,IODP,MSP
386,M0081,C,IODP,MSP
386,M0081,D,IODP,MSP
386,M0081,E,IODP,MSP
386,M0081,F,IODP,MSP
386,M0082,A,IODP,MSP
386,M0082,B,IODP,MSP
386,M0082,C,IODP,MSP
386,M0082,D,IODP,MSP
386,M0083,A,IODP,MSP
386,M0083,B,IODP,MSP
386,M0083,C,IODP,MSP
386,M0083,D,IODP,MSP
386,M0083,E,IODP,MSP
386,M0083,F,IODP,MSP
386,M0084,A,IODP,MSP
386,M0084,B,IODP,MSP
386,M0084,C,IODP,MSP
386,M0084,D,IODP,MSP
386,M0084,E,IODP,MSP
386,M0084,F,IODP,MSP
386,M0085,A,IODP,MSP
386,M0085,B,IODP,MSP
386,M0085,C,IODP,MSP
386,M0085,D,IODP,MSP
386,M0086,A,IODP,MSP
386,M0086,B,IODP,MSP
386,M0087,A,IODP,MSP
386,M0087,B,IODP,MSP
386,M0087,C,IODP,MSP
386,M0087,D,IODP,MSP
386,M0088,A,IODP,MSP
386,M0088,B,IODP,MSP
386,M0088,C,IODP,MSP
386,M0088,D,IODP,MSP
386,M0089,A,IODP,MSP
386,M0089,B,IODP,MSP
386,M0089,C,IODP,MSP
386,M0089,D,IODP,MSP
386,M0090,A,IODP,MSP
386,M0090,B,IODP,MSP
386,M0090,C,IODP,MSP
386,M0090,D,IODP,MSP
386,M0091,A,IODP,MSP
386,M0091,B,IODP,MSP
386,M0091,C,IODP,MSP
386,M0091,D,IODP,MSP
386,M0092,A,IODP,MSP
386,M0092,B,IODP,MSP
386,M0092,C,IODP,MSP
386,M0092,D,IODP,MSP
386,M0093,A,IODP,MSP
386,M0093,B,IODP,MSP
386,M0094,A,IODP,MSP
386,M0094,B,IODP,MSP
386,M0095,A,IODP,MSP
386,M0095,B,IODP,MSP
390,U1556,B,IODP,JOIDES Resolution
390,U1556,C,IODP,JOIDES Resolution
390,U1556,D,IODP,JOIDES Resolution
390,U1556,E,IODP,JOIDES Resolution
390,U1557,D,IODP,JOIDES Resolution
390,U1559,C,IODP,JOIDES Resolution
390,U1559,D,IODP,JOIDES Resolution
391,U1575,A,IODP,JOIDES Resolution
391,U1576,A,IODP,JOIDES Resolution
391,U1576,B,IODP,JOIDES Resolution
391,U1577,A,IODP,JOIDES Resolution
391,U1578,A,IODP,JOIDES Resolution
392,U1579,A,IODP,JOIDES Resolution
392,U1579,B,IODP,JOIDES Resolution
392,U1579,C,IODP,JOIDES Resolution
392,U1579,D,IODP,JOIDES Resolution
392,U1580,A,IODP,JOIDES Resolution
392,U1580,B,IODP,JOIDES Resolution
392,U1581,A,IODP,JOIDES Resolution
392,U1581,B,IODP,JOIDES Resolution
392,U1582,A,IODP,JOIDES Resolution
392,U1582,B,IODP,JOIDES Resolution
393,U1558,D,IODP,JOIDES Resolution
393,U1558,E,IODP,JOIDES Resolution
393,U1558,F,IODP,JOIDES Resolution
393,U1559,B,IODP,JOIDES Resolution
393,U1560,B,IODP,JOIDES Resolution
393,U1560,C,IODP,JOIDES Resolution
393,U1583,A,IODP,JOIDES Resolution
393,U1583,B,IODP,JOIDES Resolution
393,U1583,C,IODP,JOIDES Resolution
393,U1583,D,IODP,JOIDES Resolution
393,U1583,E,IODP,JOIDES Resolution
393,U1583,F,IODP,JOIDES Resolution
395,U1554,G,IODP,JOIDES Resolution
395,U1554,H,IODP,JOIDES Resolution
395,U1562,C,IODP,JOIDES Resolution
395,U1564,D,IODP,JOIDES Resolution
395,U1564,E,IODP,JOIDES Resolution
395,U1564,F,IODP,JOIDES Resolution
395,U1602,A,IODP,JOIDES Resolution
395,U1602,B,IODP,JOIDES Resolution
395,U1602,C,IODP,JOIDES Resolution
395,U1602,D,IODP,JOIDES Resolution
395,U1602,E,IODP,JOIDES Resolution
396,U1565,A,IODP,JOIDES Resolution
396,U1565,B,IODP,JOIDES Resolution
396,U1566,A,IODP,JOIDES Resolution
396,U1567,A,IODP,JOIDES Resolution
396,U1567,B,IODP,JOIDES Resolution
396,U1567,C,IODP,JOIDES Resolution
396,U1568,A,IODP,JOIDES Resolution
396,U1568,B,IODP,JOIDES Resolution
396,U1569,A,IODP,JOIDES Resolution
396,U1570,A,IODP,JOIDES Resolution
396,U1570,B,IODP,JOIDES Resolution
396,U1570,C,IODP,JOIDES Resolution
396,U1570,D,IODP,JOIDES Resolution
396,U1571,A,IODP,JOIDES Resolution
396,U1571,B,IODP,JOIDES Resolution
396,U1572,A,IODP,JOIDES Resolution
396,U1572,B,IODP,JOIDES Resolution
396,U1573,A,IODP,JOIDES Resolution
396,U1574,A,IODP,JOIDES Resolution
396,U1574,B,IODP,JOIDES Resolution
396,U1574,C,IODP,JOIDES Resolution
397,U1385,F,IODP,JOIDES Resolution
397,U1385,G,IODP,JOIDES Resolution
397,U1385,H,IODP,JOIDES Resolution
397,U1385,I,IODP,JOIDES Resolution
397,U1385,J,IODP,JOIDES Resolution
397,U1586,A,IODP,JOIDES Resolution
397,U1586,B,IODP,JOIDES Resolution
397,U1586,C,IODP,JOIDES Resolution
397,U1586,D,IODP,JOIDES Resolution
397,U1587,A,IODP,JOIDES Resolution
397,U1587,B,IODP,JOIDES Resolution
397,U1587,C,IODP,JOIDES Resolution
397,U1588,A,IODP,JOIDES Resolution
397,U1588,B,IODP,JOIDES Resolution
397,U1588,C,IODP,JOIDES Resolution
397,U1588,D,IODP,JOIDES Resolution
398,U1589,A,IODP,JOIDES Resolution
398,U1589,B,IODP,JOIDES Resolution
398,U1589,C,IODP,JOIDES Resolution
398,U1590,A,IODP,JOIDES Resolution
398,U1590,B,IODP,JOIDES Resolution
398,U1591,A,IODP,JOIDES Resolution
398,U1591,B,IODP,JOIDES Resolution
398,U1591,C,IODP,JOIDES Resolution
398,U1592,A,IODP,JOIDES Resolution
398,U1592,B,IODP,JOIDES Resolution
398,U1593,A,IODP,JOIDES Resolution
398,U1593,B,IODP,JOIDES Resolution
398,U1593,C,IODP,JOIDES Resolution
398,U1594,A,IODP,JOIDES Resolution
398,U1595,A,IODP,JOIDES Resolution
398,U1595,B,IODP,JOIDES Resolution
398,U1595,C,IODP,JOIDES Resolution
398,U1596,A,IODP,JOIDES Resolution
398,U1596,B,IODP,JOIDES Resolution
398,U1597,A,IODP,JOIDES Resolution
398,U1598,A,IODP,JOIDES Resolution
398,U1598,B,IODP,JOIDES Resolution
398,U1599,A,IODP,JOIDES Resolution
398,U1599,B,IODP,JOIDES Resolution
398,U1599,C,IODP,JOIDES Resolution
398,U1600,A,IODP,JOIDES Resolution
398,U1600,B,IODP,JOIDES Resolution
398,U1600,C,IODP,JOIDES Resolution
399,U1309,D,IODP,JOIDES Resolution
399,U1601,A,IODP,JOIDES Resolution
399,U1601,B,IODP,JOIDES Resolution
399,U1601,C,IODP,JOIDES Resolution
400,U1603,A,IODP,JOIDES Resolution
400,U1603,B,IODP,JOIDES Resolution
400,U1603,C,IODP,JOIDES Resolution
400,U1603,D,IODP,JOIDES Resolution
400,U1603,E,IODP,JOIDES Resolution
400,U1603,F,IODP,JOIDES Resolution
400,U1604,A,IODP,JOIDES Resolution
400,U1604,B,IODP,JOIDES Resolution
400,U1605,A,IODP,JOIDES Resolution
400,U1606,A,IODP,JOIDES Resolution
400,U1606,B,IODP,JOIDES Resolution
400,U1606,C,IODP,JOIDES Resolution
400,U1606,D,IODP,JOIDES Resolution
400,U1607,A,IODP,JOIDES Resolution
400,U1608,A,IODP,JOIDES Resolution
401,U1385,K,IODP,JOIDES Resolution
401,U1385,L,IODP,JOIDES Resolution
401,U1609,A,IODP,JOIDES Resolution
401,U1609,B,IODP,JOIDES Resolution
401,U1610,A,IODP,JOIDES Resolution
401,U1611,A,IODP,JOIDES Resolution
401,U1611,B,IODP,JOIDES Resolution
402,U1612,A,IODP,JOIDES Resolution
402,U1612,B,IODP,JOIDES Resolution
402,U1613,A,IODP,JOIDES Resolution
402,U1614,A,IODP,JOIDES Resolution
402,U1614,B,IODP,JOIDES Resolution
402,U1614,C,IODP,JOIDES Resolution
402,U1615,A,IODP,JOIDES Resolution
402,U1616,A,IODP,JOIDES Resolution
402,U1616,B,IODP,JOIDES Resolution
402,U1616,C,IODP,JOIDES Resolution
402,U1616,D,IODP,JOIDES Resolution
402,U1616,E,IODP,JOIDES Resolution
402,U1617,A,IODP,JOIDES Resolution
402,U1617,B,IODP,JOIDES Resolution
403,U1618,A,IODP,JOIDES Resolution
403,U1618,B,IODP,JOIDES Resolution
403,U1618,C,IODP,JOIDES Resolution
403,U1619,A,IODP,JOIDES Resolution
403,U1620,A,IODP,JOIDES Resolution
403,U1620,B,IODP,JOIDES Resolution
403,U1620,C,IODP,JOIDES Resolution
403,U1620,D,IODP,JOIDES Resolution
403,U1621,A,IODP,JOIDES Resolution
403,U1621,B,IODP,JOIDES Resolution
403,U1621,C,IODP,JOIDES Resolution
403,U1622,A,IODP,JOIDES Resolution
403,U1623,A,IODP,JOIDES Resolution
403,U1623,B,IODP,JOIDES Resolution
403,U1623,C,IODP,JOIDES Resolution
403,U1623,D,IODP,JOIDES Resolution
403,U1623,E,IODP,JOIDES Resolution
403,U1623,F,IODP,JOIDES Resolution
403,U1623,G,IODP,JOIDES Resolution
403,U1624,A,IODP,JOIDES Resolution
403,U1624,B,IODP,JOIDES Resolution
403,U1624,C,IODP,JOIDES Resolution
320T,U1330,A,IODP,JOIDES Resolution
320T,U1330,B,IODP,JOIDES Resolution
340T,U1392,A,IODP,JOIDES Resolution
341S,U1416,A,IODP,JOIDES Resolution
341S,U1416,B,IODP,JOIDES Resolution
341S,U858,G,IODP,JOIDES Resolution
343T,C0019,D,IODP,Chikyu
362T,U1473,A,IODP,JOIDES Resolution
368X,U1503,A,IODP,JOIDES Resolution
379T,J1001,A,IODP,JOIDES Resolution
379T,J1001,B,IODP,JOIDES Resolution
379T,J1001,C,IODP,JOIDES Resolution
379T,J1001,D,IODP,JOIDES Resolution
379T,J1001,E,IODP,JOIDES Resolution
379T,J1002,A,IODP,JOIDES Resolution
379T,J1002,B,IODP,JOIDES Resolution
379T,J1002,C,IODP,JOIDES Resolution
379T,J1003,A,IODP,JOIDES Resolution
379T,J1003,B,IODP,JOIDES Resolution
379T,J1004,A,IODP,JOIDES Resolution
379T,J1004,B,IODP,JOIDES Resolution
379T,J1004,C,IODP,JOIDES Resolution
379T,J1005,A,IODP,JOIDES Resolution
379T,J1005,B,IODP,JOIDES Resolution
379T,J1005,C,IODP,JOIDES Resolution
379T,J1006,A,IODP,JOIDES Resolution
379T,J1006,B,IODP,JOIDES Resolution
379T,J1006,C,IODP,JOIDES Resolution
379T,J1007,A,IODP,JOIDES Resolution
379T,J1007,B,IODP,JOIDES Resolution
379T,J1007,C,IODP,JOIDES Resolution
379T,J1008,A,IODP,JOIDES Resolution
379T,J1008,B,IODP,JOIDES Resolution
379T,J1008,C,IODP,JOIDES Resolution
390C,U1556,A,IODP,JOIDES Resolution
390C,U1557,A,IODP,JOIDES Resolution
390C,U1557,B,IODP,JOIDES Resolution
390C,U1557,C,IODP,JOIDES Resolution
390C,U1557,D,IODP,JOIDES Resolution
390C,U1558,A,IODP,JOIDES Resolution
390C,U1558,B,IODP,JOIDES Resolution
390C,U1558,C,IODP,JOIDES Resolution
390C,U1558,D,IODP,JOIDES Resolution
390C,U1559,A,IODP,JOIDES Resolution
390C,U1559,B,IODP,JOIDES Resolution
395C,U1554,E,IODP,JOIDES Resolution
395C,U1554,F,IODP,JOIDES Resolution
395C,U1555,H,IODP,JOIDES Resolution
395C,U1555,I,IODP,JOIDES Resolution
395C,U1562,A,IODP,JOIDES Resolution
395C,U1562,B,IODP,JOIDES Resolution
395C,U1563,A,IODP,JOIDES Resolution
395C,U1563,B,IODP,JOIDES Resolution
395C,U1564,A,IODP,JOIDES Resolution
395C,U1564,B,IODP,JOIDES Resolution
395C,U1564,C,IODP,JOIDES Resolution
395E,U1556,B,IODP,JOIDES Resolution
395E,U1560,A,IODP,JOIDES Resolution
395E,U1560,B,IODP,JOIDES Resolution
395E,U1561,A,IODP,JOIDES Resolution
395E,U1561,B,IODP,JOIDES Resolution
395E,U1561,C,IODP,JOIDES Resolution
397T,U1584,A,IODP,JOIDES Resolution
397T,U1585,A,IODP,JOIDES Resolution
380,,,IODP,Chikyu
389,,,IODP,MSP
405,,,IODP,Chikyu
